bootstrap,fit_succeeded,training_concordance,test_concordance,optimism,"Age, per 10-year increase",EF 20% versus EF 40%,EF 30% versus EF 40%,EF 50% versus EF 40%,EF 60% versus EF 40%,"Serum creatinine, per doubling","Serum sodium, per 5-mEq/L increase",Male versus female
1,TRUE,0.7570698616861951,0.7374435801402094,0.01962628154598567,1.8496903466661656,3.8833874242823634,1.048800742173888,1.2581753942688934,1.242542904642008,1.7499672816235101,0.8905558740880888,0.5374125541856746
2,TRUE,0.7799691387790529,0.7408527801786229,0.03911635860043006,1.7551126128534738,8.893162544144184,1.5497541572457052,0.9707399867607449,0.8479533773123696,1.4840449825243849,0.9063715288984064,1.0019810481598015
3,TRUE,0.7676892627412173,0.745606453471622,0.02208280926959527,1.496639715318866,4.563621279270101,1.0433656875470718,1.3313881700329364,1.3300399979446924,2.2771994229525148,0.9959392904058791,0.909371894154839
4,TRUE,0.7279244778910807,0.7379237491597042,-0.009999271268623433,1.589247550988428,3.746590643271694,0.8465424280374875,1.3558593093508566,1.0111031059738862,1.6008483898188393,0.9584861660357226,0.7205603227573678
5,TRUE,0.7754948256806993,0.7478152309612984,0.027679594719400846,1.4771494482395213,4.902432531527022,1.6056677426412123,0.8844458625433532,0.8696336705163125,1.6918253644787216,0.9197150576618374,0.9335941351579099
6,TRUE,0.7541283471368325,0.7408047632766734,0.013323583860159083,1.8599835049026963,5.8862583247973905,1.0952900583538698,1.231847498580651,0.929332085620363,1.6357503663244117,0.8702802707327107,0.7645976083152679
7,TRUE,0.7951121006575881,0.7453663689618746,0.0497457316957135,1.5802258391709747,5.209368733570788,1.9761945174566244,0.8926843110458091,1.2313299015668537,2.367239166519846,0.8652690506087656,0.9073850263702042
8,TRUE,0.7162063288823852,0.7461346393930663,-0.029928310510681122,1.5649654091312133,5.340456502581614,1.1159431314554749,1.2187754953993444,1.0879481895347536,1.4065163777129224,0.8129989191757053,0.681121808154403
9,TRUE,0.7279355751441942,0.7395563238259868,-0.011620748681792636,1.6331225814939774,4.780925565036439,1.3949321847682645,0.7662733951599551,0.43598041810944943,2.10865923054759,0.8663096601563588,0.5300998652310329
10,TRUE,0.774267149446952,0.7331220589647556,0.04114509048219639,1.6100055358219696,9.23388099675721,1.9961642889259932,1.0040277494059766,1.5303861687362517,1.2444615166846218,0.6878075033111373,0.9698645631615352
11,TRUE,0.767765638596152,0.7198213771247479,0.04794426147140407,1.7496235408744125,10.212535226445313,1.8690814909129327,1.052225147141482,1.4787651412338638,1.0109510118572465,0.9613544728037869,0.7838460727270011
12,TRUE,0.7418942817842406,0.7407087294727744,0.0011855523114661093,1.5717659450965613,7.897821584750903,1.9372165328450957,0.9431764980478962,1.163343251551327,1.4574881318086492,0.9968306560310453,0.8798997507864029
13,TRUE,0.7462403197601799,0.7402285604532796,0.006011759306900344,1.755459127528605,5.420186718935153,1.2760816959448775,1.1638934449046772,1.2223580962585907,1.334882858922556,0.8674319981208347,0.6836151515874037
14,TRUE,0.7293475435404211,0.7329780082589071,-0.0036304647184860483,1.2020914849134507,3.463785819777369,1.1689844512846208,0.8545174461492945,0.4765082276847725,2.1859790817329308,0.9543545145346399,0.7958196440448723
15,TRUE,0.7520268381325133,0.7378277153558053,0.014199122776707984,1.7364862374536452,4.554558171260717,1.1016244856639956,1.1793984459943718,1.0171950654488822,1.553106546748351,0.9239392029142356,1.0571709409516048
16,TRUE,0.7854426167157935,0.7306251800633823,0.05481743665241123,1.7432221680006765,4.284609713489739,1.8274322795960767,0.5908291563109833,0.33964393821345273,2.700348721219041,0.9055624214680856,0.7222292117288387
17,TRUE,0.746800731261426,0.737107461826563,0.009693269434863039,1.4563285300710367,4.490202811886957,1.0733676963177832,1.128945024169689,0.9130786192515897,1.1842517329921793,0.7744222443017934,0.7572970293816338
18,TRUE,0.7414041051117793,0.7347546336310381,0.0066494714807412425,1.6636646302859697,4.9481683574361766,1.2319237198303268,0.8567162673163073,0.45481092852798294,1.7671084050983443,1.003635222805116,1.069927138207595
19,TRUE,0.8061729011636618,0.7449342168443291,0.06123868431933266,1.5802576579500016,4.4123892370282745,1.3068801740958789,0.9214654567200293,0.6814879465338388,1.8230342962487898,0.8238672810977838,0.9327064374581762
20,TRUE,0.7328190743338008,0.7447901661384808,-0.011971091804680034,1.6686153451034242,4.731768846971272,1.5800241590565287,0.9036951417588237,0.9149827888618515,1.8767582212734362,1.0024946989491246,0.6770803231186066
21,TRUE,0.7803781697366492,0.7414769999039662,0.03890116983268299,1.7234078905450725,3.754202118241314,1.255710181465714,1.2104745644081427,1.574056283657779,2.3086271618116605,0.8205088619310728,0.7619024344232072
22,TRUE,0.7293294940353764,0.7414289830020167,-0.01209948896664026,1.6584812010855687,4.405243699454423,1.4049056058146465,1.1188443127864396,1.432656008592174,1.4194534655385003,0.8594368572745359,0.8441249273453708
23,TRUE,0.7796026750590086,0.740372611159128,0.039230063899880596,1.4254720482306809,10.629878865889188,2.1305876632476166,0.9058640527366258,1.1870358818676754,1.568699180241226,0.7858811364763254,0.8244517429633014
24,TRUE,0.7453556667391777,0.738403918179199,0.00695174855997871,1.733770839678804,4.170508805822984,1.454009943124028,0.9808718986689406,1.061884437975604,1.3611545461331744,0.9270914545026653,0.6959112310840123
25,TRUE,0.758357676079195,0.7386440026889465,0.019713673390248543,1.70614932605985,6.216272910893574,1.0825672180282462,1.124701797868152,0.77713185039086,1.5443736561002517,1.0687950827072785,0.6986274139673385
26,TRUE,0.6987702949370737,0.740372611159128,-0.04160231622205435,1.4831532006951347,3.063671610717209,1.2623176892279744,0.9156544605522863,0.8303695745707329,2.1025396374653575,1.0266159012443894,0.8765961356138341
27,TRUE,0.7886419296705327,0.7431095745702487,0.04553235510028397,1.819686413350938,5.88607895641946,1.3406897573228047,1.0947464059685457,1.0842698337142946,1.5634297450266572,0.9882373405745098,0.7757899408889514
28,TRUE,0.7015421317202011,0.7404206280610774,-0.03887849634087637,1.4123206264512158,2.9874062733021614,1.2821553054895516,0.8514406884225961,0.6896550608902716,1.7307142008978147,0.7986285287655897,0.8541178908316788
29,TRUE,0.7609009260551911,0.742341304139057,0.01855962191613414,1.6175149995784295,3.8663652532454624,1.0981331090033495,0.9724012300993384,0.598467635325695,2.0755004768099745,0.9589829416856792,0.7227267094317317
30,TRUE,0.7435370303746723,0.7428214731585518,7.155572161204882e-4,1.5320236901273379,5.521764659438577,1.5763189460100282,0.912742052199337,0.8795776127912412,1.5565802380821279,0.9747293498279239,0.5718608736100532
31,TRUE,0.7365947075208914,0.738788053394795,-0.0021933458739036293,1.5848700924365473,2.787263855078713,1.2605986506842073,0.9965624670458791,0.9950999897552206,1.8333694636748832,0.7551802888594182,0.9997930424276874
32,TRUE,0.7313556972553368,0.7382118505714012,-0.006856153316064373,1.5844541684411866,3.394309996431955,1.3754315416889331,1.0466063440419726,1.323309077782947,1.3639824764199249,0.7442373868867684,0.7153468143980777
33,TRUE,0.7553475935828877,0.7480072985690963,0.007340295013791409,1.4152202994995209,4.145468465300745,1.1929426227142441,1.012179143855174,0.7946848356594618,1.6312525623478351,0.8745705980378831,0.7933039896473337
34,TRUE,0.7711681563999824,0.7466628253145107,0.024505331085471704,1.5788079079275863,3.8658180977612453,1.3359085632067451,1.090273457529185,1.2878519704869533,1.6456937119506105,0.8763403955143948,0.9325205923126645
35,TRUE,0.7195216799533346,0.7312493997887256,-0.011727719835391004,1.5482481397711099,7.361876005042479,1.9501474137353694,0.9094626159347656,1.1785673364830087,1.2005671733037342,0.9596644268850107,0.8464874600821447
36,TRUE,0.7400716845878136,0.7395083069240372,5.633776637763432e-4,1.4197663195164756,5.154138500141191,1.9254186623596306,0.7443947866971162,0.7218811263954981,1.6215972543016621,0.8377569845077965,0.7405262197092588
37,TRUE,0.7589814926817466,0.7393642562181888,0.01961723646355784,1.4468859720724467,8.486400703385984,2.5872614196420916,0.7623867169366589,1.1416436568278132,1.8557957135640164,0.8750240591306725,0.7721550256437449
38,TRUE,0.7866397668684151,0.7409007970805723,0.045738969787842754,1.2686571298555183,4.3999615545994555,1.289438229988048,1.029420768439839,0.9411934470465184,1.9658323691716644,0.7089398458588483,1.0386168574283525
39,TRUE,0.739866522720581,0.7237107461826563,0.01615577653792466,1.7196956109759143,6.889164791678714,1.3695277911038009,1.234081203474906,1.5369779644749257,1.1930859222894292,1.0124510118942227,1.233336092854915
40,TRUE,0.7511995201919233,0.7459425717852683,0.0052569484066549155,1.5887373460356577,4.7070456716970845,1.7405675936922402,0.8622980490632437,0.9709252458525777,1.984164502161855,0.8548432844197078,0.778172540365411
41,TRUE,0.7893958304442288,0.7380677998655527,0.051328030578676076,1.6728042962953436,3.394245802295529,0.9883713351539972,1.0704990547240154,0.685323964777832,2.4393828837065352,0.9688278546844145,0.6507496647513563
42,TRUE,0.7542758279782501,0.7415250168059156,0.012750811172334453,1.6967431315742443,7.577309399161912,1.6570282736403772,1.0725988045970218,1.5673527804369654,1.4119738016497914,0.8083378397794619,0.6863565469173499
43,TRUE,0.7604870842100551,0.7424853548449054,0.018001729365149655,1.3626329212774009,4.815457809015793,1.5309735932746136,0.9112540739002489,0.9664786978213944,1.904079817267311,1.022475358142832,1.1910527143955605
44,TRUE,0.8230187622514702,0.7429655238644003,0.0800532383870699,1.7343839426098842,10.455732766338024,1.6809152958663813,1.0846993182685232,1.2805015559387585,1.471715699783611,0.637132037040302,0.587240475017584
45,TRUE,0.7709432505469052,0.7380677998655527,0.03287545068135245,1.8526343795998674,5.234715869309341,1.4442673306648675,1.0158598261097702,1.2061312110508688,1.4220300846397567,0.7346904750090332,0.8883694706365289
46,TRUE,0.7386004514672686,0.7439258619033899,-0.005325410436121336,1.4602129514019189,4.86360896408518,1.173655632522731,1.07088659403716,0.8381609719836897,1.8950304943710161,0.8720332245160763,0.468395351161165
47,TRUE,0.7705569607185259,0.724767118025545,0.04578984269298081,1.493270636187329,5.0532332392146255,0.7338492762249736,1.1905263675913085,0.9598543925111356,1.4921558966209088,0.7817471751319565,1.3892921136131302
48,TRUE,0.7527814864263462,0.7406607125708249,0.01212077385552135,1.3831073090017285,5.110518060799946,1.9023619195507944,0.7944473133680521,0.8657994504030682,2.6167912185801416,1.0320133151358866,0.7231470548247121
49,TRUE,0.7535951327433628,0.7269278786132719,0.026667254130090856,1.568139987547785,2.7627970838107285,1.2169493791749217,0.91254998784001,0.7032565236037421,2.435588291741137,1.1226159656644217,1.1655855559747659
50,TRUE,0.7659690876761045,0.7434937097858446,0.022475377890259884,1.5201471327568772,4.27106450992925,1.3104072534161875,1.0116283486265552,0.9336877563478382,1.4850671996413616,0.7957568880914039,0.9686554238713728
51,TRUE,0.7502172024326672,0.7426294055507539,0.007587796881913356,1.8834140749412611,6.070943008327016,1.5258745735480916,0.9414735399037407,0.8662185564089894,1.6486531838800937,0.8452260748933693,0.5026417114843947
52,TRUE,0.7221260815822003,0.7265917602996255,-0.004465678717425203,1.4118563799686266,7.854821633488936,1.4669638531923452,1.2564311619819697,1.7673920807347536,1.16430930348908,0.8982738694018104,0.9989235004570961
53,TRUE,0.763077501527471,0.737203495630462,0.025874005897009056,1.5284859373315098,3.6200225781881183,1.5540049402937843,0.7285947377581703,0.5457907473182343,2.0395830429190243,0.8261973936471976,0.8315385362826729
54,TRUE,0.7368562231759657,0.728224334965908,0.00863188821005767,1.759253221758127,2.3739264331951855,1.2433584070883485,0.9107829565708486,0.7843886783571056,1.7276848274787946,0.9013483158275972,0.60770105037133
55,TRUE,0.7087114777966513,0.7371554787285124,-0.028444000931861058,1.4027905212644725,3.69643764995638,1.1308194326201617,1.2041505800378602,1.2638496774374608,1.4936654378839687,0.8595346910877809,1.283310886761213
56,TRUE,0.788649589057532,0.7421972534332085,0.04645233562432349,1.8251068424720607,7.633699758933102,1.9456985718922226,0.9589408694736558,1.3147820703381492,1.5037023463708548,0.7123456726486278,0.6853733818958971
57,TRUE,0.7582547751838508,0.7388360702967445,0.019418704887106286,1.8218785340801191,8.420121508181996,1.444949826584407,1.209266324360293,1.470737647054748,1.490178212419148,1.059848715870268,0.9627668874805428
58,TRUE,0.7845294065466157,0.7426294055507539,0.041900000995861886,1.6677927601171014,3.2748666000661726,1.1180589106895107,1.0813285161474329,0.9367234033266234,1.7587651777037656,0.8233151543808577,0.6783235648257497
59,TRUE,0.7760888479451353,0.7327859406511092,0.04330290729402608,1.7156062578957032,4.299190124077032,1.2130286993113193,0.7258793180819334,0.3210407215928781,1.9890840014962297,0.8919752403387873,0.8907840683052387
60,TRUE,0.7559925093632959,0.7406607125708249,0.015331796792470986,1.7231346898604905,4.850751122527064,1.573173284717514,0.7463124692648155,0.560691006741394,2.463405778843156,0.9361026204557602,0.6170285401371072
61,TRUE,0.7533726620021036,0.738788053394795,0.014584608607308591,1.439040581669594,4.466033257475309,1.3236939128886693,0.9756612644329463,0.954895691461804,1.2911481302320256,0.704303925478859,0.9200522725039033
62,TRUE,0.7268184875564524,0.73177758571017,-0.004959098153717645,1.740815916981426,8.726852438166562,1.7386319054654746,1.1233734774451347,1.6817068565724,1.4143618281100345,1.135775014214887,0.9915534947576888
63,TRUE,0.7200168740771989,0.747479112647652,-0.027462238570453046,1.546004766966017,4.073491258940047,1.3126792132712746,0.9813860596016796,0.8783029041667719,1.672631903084683,0.9741529900379073,0.8949008532868675
64,TRUE,0.7732837136421506,0.7389801210025929,0.034303592639557734,1.5641382309155234,9.854985957812012,2.0712062564412026,0.8779163075628744,1.1565946133807223,1.6030908330372398,0.8577984985062669,0.4784342497152014
65,TRUE,0.6934181551260092,0.7263036588879286,-0.032885503761919344,1.5334607928815056,4.807654297647569,0.83594369352888,1.479013485623236,1.1560967450655415,1.4280623386742306,1.122723226243954,0.8108404096690227
66,TRUE,0.8023314493338716,0.7374915970421588,0.06483985229171274,1.91587713870343,10.422998709569981,2.253788050277316,0.8045621422841284,0.8957950268042871,1.6723279081869733,1.0308304952945486,1.0004515608086753
67,TRUE,0.7608366171567141,0.7414769999039662,0.01935961725274793,1.6575219942976291,5.104425210413608,1.8990718165303295,0.7633308407959669,0.7576006699182828,1.848312920014604,0.9616127105735999,0.7508315822550883
68,TRUE,0.7592436349198471,0.7443580140209354,0.014885620898911767,1.7229504828438877,6.982517644293,1.886085032711891,0.8827117151433529,0.9620197691994863,1.738083894439753,0.9656954697177429,0.9830952067982508
69,TRUE,0.7341084532545507,0.738595985786997,-0.004487532532446381,1.4018125208843073,4.250786645074714,1.6731271899863593,0.8192547019932365,0.8346742307071464,1.7628999515610964,0.7540700581585469,0.5637670474736767
70,TRUE,0.725375665363418,0.7451262844521271,-0.01975061908870912,1.3909682581865375,3.181651821710341,1.0404302050126624,1.0758170839276657,0.8048212334516294,1.952210913739761,0.8502246355314876,0.9558782172704936
71,TRUE,0.7557098840905756,0.7435417266877942,0.012168157402781432,1.5796320140047924,3.251914367888228,1.289617238493983,1.1182931007148211,1.403780903883434,1.8081331332955137,0.828075933623537,0.7480224630807032
72,TRUE,0.7698034254573765,0.7408047632766734,0.028998662180703016,1.4321854774852083,5.227084724009134,1.1734081319377834,1.3727069753065375,1.8643689007678244,2.393584367617939,0.7930008803388602,0.5593111449669889
73,TRUE,0.7855220008810142,0.7308172476711803,0.05470475320983392,1.7943805009669676,8.138434538793678,1.7530971807834719,0.8256491863229619,0.6710059540693406,1.2037522063341326,0.8383331534368786,0.8805641286778557
74,TRUE,0.7845313839628176,0.7364352251992702,0.04809615876354745,1.4598962392045092,3.6155751129952334,1.0601569325055509,0.8932534619406405,0.43900719923829556,2.6490948031745445,0.864789339604313,0.9806963560080065
75,TRUE,0.7433462956416342,0.7184288869682128,0.024917408673421404,1.7750459220704824,3.069375085218176,0.9859473876814585,0.9681900664251059,0.5204698489316754,1.5697813864654964,0.7605439317474691,1.3912909525967634
76,TRUE,0.7463133748420018,0.7481033323729953,-0.0017899575309935356,1.5371651704123575,4.834196628637497,1.5924749445323068,0.9418083340829091,1.0490060931885286,1.8438658076816947,0.8857914307561059,0.9776441298754917
77,TRUE,0.7522229397446725,0.726543743397676,0.025679196346996447,1.6226456053011569,2.192191832322857,1.184882381671327,1.122081394780581,1.3837741201999532,2.3347788237732727,0.7979670918923873,1.1753249195089408
78,TRUE,0.8021008403361345,0.7369634111207145,0.06513742921541998,1.9349544278754855,4.0271228541769775,1.723226288624721,0.8162009487339507,0.8391236281585301,2.3632707398860138,0.8543588299743261,0.6254834488703858
79,TRUE,0.7196494464944649,0.7380677998655527,-0.01841835337108777,1.5916585921591155,5.42407529550296,1.8386092985430231,0.9474596619799656,1.3429931004712496,1.2741708239889493,0.785579431783522,0.8335967457396305
80,TRUE,0.7739671478347436,0.745414385863824,0.028552761970919605,1.5781138969921262,3.9965929387413377,1.4315103477373128,1.0955097920467622,1.48564768023409,1.8153699019525082,0.812421894844889,0.8847277679652155
81,TRUE,0.7130587204206836,0.738403918179199,-0.025345197758515403,1.4810586857946888,5.467616823848304,1.6224884571091964,0.8007934185217216,0.7046793802782804,1.48240203225024,1.0229535051927932,0.8022210744092415
82,TRUE,0.7766643470192531,0.7411888984922692,0.03547544852698392,1.6832124592788913,4.7782459938936865,0.981969481623338,1.091133442191835,0.6198544979605852,2.5412537653020655,1.0315082719838604,0.6721674620949187
83,TRUE,0.7184600112218913,0.7278401997503121,-0.009380188528420819,1.6810900342013941,2.801280188113899,1.025137313452442,1.2568448432189163,1.3511442461351801,1.3043599202984208,0.6787094078381332,0.7396356442369404
84,TRUE,0.702630674002751,0.7407567463747239,-0.03812607237197285,1.4721237811165528,2.8316810205342238,1.2514051536764463,0.940447768993146,0.8253226777521359,1.4986426313280667,0.7792868372483482,0.8849611280924836
85,TRUE,0.783255954784013,0.7368193604148661,0.04643659436914693,1.632817868113531,9.154188189622337,2.0652649012313673,0.9557451254803638,1.4237871287914312,1.3385392953539788,0.8001956500687367,0.5477643277231289
86,TRUE,0.7419120847236327,0.7327859406511092,0.009126144072523434,1.7025326783707424,4.825187043637239,1.7959315272933114,0.8926525000473347,1.1390934496590206,1.2100737068172318,0.6837087664384112,0.6740450660513078
87,TRUE,0.757604815939481,0.7328339575530587,0.024770858386422345,1.7250243219064483,3.7185916476476613,1.0818401227029568,0.9785299537184012,0.5973189360237715,1.7064389463797909,1.0950038322770723,0.7945295488125989
88,TRUE,0.7512879897906131,0.7356189378661289,0.0156690519244842,1.5660325970002658,4.99818108599687,1.438805810468398,1.20688923833967,1.7900227146713612,1.61060974771008,0.7489321995325351,1.3187952724620515
89,TRUE,0.7116358302181423,0.7378757322577547,-0.02623990203961246,1.5355333288928763,4.061761530689296,0.9293868642514569,1.3476406795418112,1.2082852176409247,1.620557648171727,0.996671468115105,0.6049645260968629
90,TRUE,0.7912950600801067,0.7457505041774705,0.045544555902636286,1.32495521917987,6.253175529151918,1.928727815321496,0.9003623362292846,1.2475989469391138,1.8804760614607514,0.926855542389475,0.9215849456484426
91,TRUE,0.8028786986997699,0.7408527801786229,0.06202591852114703,1.674243301308802,5.8269974356291545,0.9284820840563128,1.2307987624300416,0.7370533526490518,2.2486343530574575,1.0817750661068883,0.5703410735725888
92,TRUE,0.7720183057812646,0.7408047632766734,0.031213542504591185,1.638602042631825,5.217429890237006,2.1603169616886224,0.7431741971050584,0.8072755773896476,1.9778824001672666,0.7306537258605932,0.7412187577492854
93,TRUE,0.7533211516618105,0.7281763180639585,0.025144833597851912,1.3589627306542877,4.511140283523709,1.0416514723178383,0.8621207148831426,0.4096801636278773,1.8458007939309888,1.0445429223885974,1.0833090281436266
94,TRUE,0.7704187396351576,0.7482953999807933,0.022123339654364305,1.3879952376042435,4.806290555090208,1.127312332972465,1.0382745372088333,0.9316056353707594,1.6250051295138086,0.8563219519986925,0.6326805407853492
95,TRUE,0.7652790506970237,0.7429655238644003,0.022313526832623443,1.1951006766001717,4.869577648007095,1.2649888103897844,1.0555949774942095,0.9499713579265137,1.5439323854222424,0.791910319474016,0.8793049814828979
96,TRUE,0.7588386543818298,0.7453183520599251,0.01352030232190471,1.5343476196218573,4.696680196920729,1.2841619175879821,0.9588151346755405,0.7239565820004941,2.6702951048203576,0.9496343094258977,0.5879573887814827
97,TRUE,0.7636027083637781,0.7324018054355133,0.03120090292826483,1.8022579073850764,8.024088314571214,1.4761875458853995,1.219351412738535,1.6132427481000837,1.1469816937045068,0.8286521876016177,0.7209042897846699
98,TRUE,0.7138660116553485,0.7285604532795544,-0.014694441624205967,1.4434429657923626,5.0170034534077566,2.4698426207437447,0.6630161256935364,0.8491541227428997,1.558145661954149,0.9295612503810315,0.8130687572734303
99,TRUE,0.833994389087743,0.7298569096321905,0.10413747945555252,1.9377260134874033,15.635774180136092,1.9850645625234187,1.3845873227316405,3.118566369563705,1.352389033778192,0.9198935933042071,0.5651732574183769
100,TRUE,0.7590361445783133,0.7413329491981178,0.01770319538019549,1.4458762329714192,5.392824137595552,1.3071080743642427,1.3260875550627786,2.2279547102568396,1.7795617803992998,0.8362350638734537,0.8641599873306756
101,TRUE,0.7558261984341377,0.7314414673965236,0.02438473103761407,1.8056421255818595,3.6340179483000816,0.9311061835009402,1.5321017830635943,1.8355758113607386,1.5375730295409777,0.7373967395130734,0.594726705140841
102,TRUE,0.7576752820219905,0.7426774224527033,0.01499785956928723,1.6611845710384674,3.289167875004424,1.1174133482177042,1.018277612406258,0.7725819480568551,2.1689501800055173,0.8748783482343461,0.8842652694204428
103,TRUE,0.7553493939847373,0.733362143474503,0.021987250510234313,1.5732286109192453,5.012566737890945,1.2927377381738996,0.7615021125622511,0.44466739666798877,1.969910751100979,1.1425938511929299,0.5811525658744106
104,TRUE,0.7215605945121951,0.7392682224142898,-0.01770762790209468,1.6935237112272992,6.539010175650656,1.0696425063699644,1.2213197302623764,0.9927920180974399,1.4156235496595684,0.835383567932061,0.9366666879163769
105,TRUE,0.8111460417262075,0.7503121098626717,0.060833931863535806,1.5118920397396507,8.802723551836875,1.657760222714606,0.9871986536594403,1.0098514474938036,2.1362675614386206,0.9293916097692672,0.6278600733899254
106,TRUE,0.744584454197933,0.7415250168059156,0.0030594373920173057,1.5833296203632878,3.2670076367671173,1.2898409290002075,0.8912353697045142,0.6816110427099336,1.934530090168162,0.9693778119470027,0.7772246004365229
107,TRUE,0.7699380470056052,0.7382118505714012,0.031726196434204046,1.7069483141926407,7.603821655951543,1.905466076818149,0.6799673849714937,0.4444770778211952,2.1523859326272254,1.0223362558915388,0.73642024138604
108,TRUE,0.7356978391781792,0.726447709593777,0.0092501295844021891,1.8128473945520853,6.0707178143159135,1.1158598647242968,1.0607166981765697,0.6619623551739616,1.1590217230503093,0.8572405380520763,0.8434237776135122
109,TRUE,0.7149884912217358,0.7149236531259003,6.483809583546218e-5,1.5724000934787734,2.096777314159359,1.3403279156836834,0.7345265126621147,0.51266856606875,1.465568249578512,0.9078457570572034,1.1681218325798608
110,TRUE,0.753268491291563,0.7443580140209354,0.00891047727062766,1.3098156996603167,3.8488387196389184,1.4380006905773348,0.8878920155165765,0.783400033693613,1.9343512491768908,0.9485555331965619,1.0240507035149484
111,TRUE,0.7558165800768015,0.7449342168443291,0.01088236323247238,1.416684291743149,6.801087316464665,1.6672493714100634,1.0693538330580388,1.5180618750293762,1.4586953091227823,0.8532487724536161,0.9218585741756333
112,TRUE,0.7736978104175167,0.733266109670604,0.04043170074691271,1.564130483648826,5.038178220488222,0.9487433111025142,1.0134943089945845,0.44641997055931254,1.7409292456726795,0.9242538887765919,1.0196346495213322
113,TRUE,0.7659190923068766,0.7391241717084414,0.026794920598435246,1.7058277911122046,4.805823260748409,1.4739268672214436,1.0374283361113672,1.2215203875537934,1.6379035956350438,0.6478222960165169,1.0142781999431054
114,TRUE,0.7888035357255603,0.7350427350427351,0.05376080068282518,1.5503682211024232,4.637693888178714,1.2103133817691611,0.9019193481838489,0.5311653992994395,1.763296862249186,0.6947383274353341,1.010363763172713
115,TRUE,0.7321120101827439,0.7443099971189859,-0.012197986936242078,1.3338476159490373,4.246704360486245,1.5468946134113668,0.9594841205660823,1.0970627537889595,1.521894151145157,0.7569054102588293,0.9464115692207983
116,TRUE,0.7122275429326288,0.7362431575914722,-0.024015614658843387,1.3973351500973334,4.063839104150942,1.0327507596254686,1.102829281772018,0.7662572739624705,1.3605711338895923,0.7221178543399486,0.8707831119648681
117,TRUE,0.7887572590011614,0.7415250168059156,0.0472322421952458,1.9044929260382124,5.718710941405713,1.221085123063304,1.0877829360207267,0.8875152507408779,1.632586971353724,0.7771516699414486,0.7908953048709129
118,TRUE,0.7390413399857448,0.7445020647267838,-0.00546072474103898,1.6557854452779615,3.8387681665503086,1.3243168625090813,0.9484826849040012,0.8130455510398302,1.7152795554966134,0.9179385155470967,0.7312489846884718
119,TRUE,0.7419797227800362,0.7328819744550081,0.009097748325028077,1.4407187800849566,2.1968313706798854,1.3054964467341437,0.9621108512032719,1.0720428717401402,1.9131535839337919,0.6735903609489753,0.9366035558962847
120,TRUE,0.739186507936508,0.7344665322193412,0.004719975717166758,1.6344676914753966,7.2026707022571586,2.0440671726491586,0.7584927553015053,0.7436770325825568,1.42368912508765,0.9604100520896255,0.889615073729106
121,TRUE,0.7130793101694053,0.7298569096321905,-0.01677759946278523,1.4606334664791096,3.565723697650287,1.159640805210961,1.2145440046282021,1.401608365510122,1.375550490581331,0.6801999563293859,1.224181418240083
122,TRUE,0.7458889797401653,0.7470469605301067,-0.0011579807899413375,1.5672077328769587,3.9021701428060616,1.4327930746834592,0.9643666951783452,0.9950691920609798,1.7255836091030137,0.8712962288239664,0.8493096232274275
123,TRUE,0.7643893770362327,0.7328339575530587,0.031555419483173974,1.5941916764779407,4.345537351389723,1.2532653844038881,0.8085959467289553,0.4167706631772215,2.073482236920523,1.147625582920254,0.7274401405719649
124,TRUE,0.784172291205111,0.7379717660616537,0.046200525143457294,1.60809191420104,4.33878069793285,1.203715755647082,1.1459993427204276,1.1430851758168152,1.8098776064851871,0.7389491179127241,1.2508796234489539
125,TRUE,0.7612159223104547,0.7396043407279362,0.021611581582518413,1.611146739244583,6.626226856908566,1.9117763701581465,0.7789288153707629,0.7294134999249766,1.5017805999154923,0.881355118529517,0.7441554989827971
126,TRUE,0.7459516744383213,0.73177758571017,0.01417408872815129,1.7716237148314067,2.6926915976230466,0.9948933005338856,1.0812630838298136,0.7985828005958592,1.629685865818348,0.9168278497922427,0.8550658301224762
127,TRUE,0.7576937167979483,0.747575146451551,0.010118570346397293,1.6351219737936182,5.588954275415998,1.4437645139168978,0.965205877448494,0.8699547080549084,1.9491443813336196,0.8690892637968346,0.7109487541751547
128,TRUE,0.7329736102294369,0.740372611159128,-0.007399000929691146,1.3995215033741626,3.3592033190678974,0.9350038712419587,1.3199475445850297,1.1995448605251198,1.928598513681407,0.8612764909802912,1.1403601131906622
129,TRUE,0.7575661038547308,0.7452703351579756,0.012295768696755194,1.5094777158558406,4.8758703080558785,0.9374500696792485,1.3052456725172767,0.9817051994589129,1.7065133259288388,0.8264642763705733,0.7383983023616837
130,TRUE,0.7706388926461969,0.7308652645731297,0.03977362807306717,1.4343079205306708,3.6479176544774985,1.5147820239774967,0.985047236283607,1.252677601898789,1.6603401384125813,0.5670412150583855,0.9443243602874516
131,TRUE,0.7966661734970657,0.735138768846634,0.061527404650431716,1.5608483103221351,8.982097232333459,1.7849103499315018,1.0679561443568137,1.4574226721077606,1.334996954905352,0.7502808736254205,1.1623899225255312
132,TRUE,0.7854709068670278,0.7269278786132719,0.0585430282537559,2.0237751101385277,4.471158679324307,0.8993879166413581,0.8803675013422778,0.4487019087303708,1.4110427677671693,0.857983708391447,0.6639377588320952
133,TRUE,0.7389519067905354,0.7447421492365313,-0.005790242445995908,1.5141262914094382,4.688011003459232,1.095195217564782,1.0805467119559466,0.7599239666766371,2.359211014951069,0.7536064883242085,0.6386052401233863
134,TRUE,0.7414837069563207,0.7312493997887256,0.010234307167595103,1.623456349089941,10.241481680230931,1.8160301206296174,1.1542560786566376,1.7609873486900107,1.1334393106877172,0.7724129594596997,0.6704793457404284
135,TRUE,0.7469187440745079,0.7478152309612984,-8.964868867905595e-4,1.6699310529811757,5.615138836334985,1.2773004624272706,1.110129773156403,1.0378690673254753,1.8205949203267706,0.9779485859252859,0.8295149286459758
136,TRUE,0.7750013124048507,0.7460386055891673,0.02896270681568336,1.5264405608847593,5.627787389142396,2.0334657286216227,0.9077212321937093,1.4482681439396938,2.072600915869537,0.9495576106662449,0.8109694720715805
137,TRUE,0.7533090976882924,0.7362431575914722,0.017065940096820165,1.634214914118886,4.597175145784902,1.8380744480219795,0.7020704813629175,0.5919656844510817,2.3683837408233,0.94676068532832,0.5519412770233869
138,TRUE,0.7427212732919255,0.7390761548064919,0.003645118485433585,1.7066585228121294,6.524822392832622,2.2486980371370535,0.7814238796455472,1.0412105573349486,1.7607618746542433,1.0025406091916793,0.928855114081951
139,TRUE,0.7630651790957135,0.7225583405358686,0.04050683855984483,1.675536794965682,5.682818767072565,2.4143533562125974,0.7702039036850028,1.1483766870699132,1.947590978368635,1.168564028932447,1.4658706277336344
140,TRUE,0.7713929393706831,0.74579852107942,0.025594418291263077,1.5251392448137324,6.258564449469719,1.2589630336077013,1.1009418085698117,0.9327339682365751,2.612905834117456,1.010564821447108,1.13112034627428
141,TRUE,0.7636429674021611,0.747479112647652,0.0161638547545091,1.7064753546225386,5.203287302671392,1.2968646513095736,1.0242090353878825,0.8832877268595012,2.1388728493739575,0.833017305144167,0.6970332911110949
142,TRUE,0.75608880378194,0.7275520983386152,0.02853670544332476,2.025703724804098,4.67369668674959,1.4256790841775553,0.9834322968703081,0.9757358025695458,1.2556535877765511,0.8493998353147411,0.49294855436014584
143,TRUE,0.7620415377817057,0.7455584365696726,0.016483101212033113,1.828454952601129,10.96117741354565,1.541860463675093,1.1280441131145333,0.7599350492182538,2.00865469872436,1.0292407248493816,0.6208763438109606
144,TRUE,0.7695749440715884,0.7442139633150869,0.025360980756501506,1.5421288611395079,6.007158454390959,1.4879798000293076,1.0949889236652572,1.5531414566415167,1.4672717058820377,0.9138644555825487,0.7787408634986871
145,TRUE,0.7338024039871005,0.7467108422164602,-0.01290843822935972,1.4375176232202163,4.044339945549882,1.426110431371368,0.8742903555267536,0.8011731877559547,2.0632153666627735,0.9188245240482954,0.8027397271262652
146,TRUE,0.7474184030979163,0.7462306731969653,0.0011877299009509512,1.4750018577592026,4.7113981035004215,1.3592297531537711,1.0076370902440783,0.9509415894619356,1.5228001631534427,0.9155402353622686,1.0110450422633535
147,TRUE,0.7819577371363593,0.7362911744934217,0.04566656264293756,1.7341291432932595,7.653940128166691,1.625023211739967,1.0458279847752037,1.2392035717773993,1.3310096027210916,0.8649440103890982,0.4787041256055946
148,TRUE,0.7496738901746265,0.738692019590896,0.010981870583730458,1.3349352029788513,4.506587109146093,1.4397365982055996,1.1262596140589345,1.719792708427645,1.3649886263608522,0.7701532884230075,0.9520058696594761
149,TRUE,0.7146509341199607,0.7278882166522616,-0.013237282532300831,1.5994664106940608,4.640416993034792,1.1357676878109242,1.2840392667991691,1.9373477776690162,1.2316357039008452,0.6977450843162313,1.0554797689847242
150,TRUE,0.7275695562198207,0.7372515125324114,-0.009681956312590723,1.5078117198304206,2.9762079623882345,1.0778310903453954,1.0018434223075625,0.7130601652423105,1.6141529162827772,0.9332206801796392,1.0653048953503852
151,TRUE,0.7828128297109095,0.7324978392394123,0.050314990471497234,1.6404578880796925,6.859926802102667,1.108340702595807,0.9609316891776291,0.45202234287068804,1.4564634674454384,0.953734632139983,0.6653548795705579
152,TRUE,0.7304130272571654,0.7330260251608567,-0.0026129979036912943,1.6683442325044548,5.089514672248053,1.3654026207961079,0.9613545709068193,0.964120948993267,1.2708692342069965,0.7958622575242131,1.118521968772676
153,TRUE,0.7093017613663933,0.7495918563334294,-0.04029009496703606,1.4607930994480602,4.906455361988288,1.3900547570630895,1.0154374344352017,0.9950308004304199,1.7109876829978916,0.9349685674052316,0.9113943147121613
154,TRUE,0.7423357664233576,0.7312974166906752,0.011038349732682473,1.6232684889194773,3.476681703237261,1.2489053136092378,1.0660832809453287,1.1322984256676607,1.3584163331697772,0.7216755954246873,1.185193055991931
155,TRUE,0.7820387096774193,0.747383078843753,0.034655630833666295,1.6575139049624932,5.64246661813529,1.4350689670342007,1.125289625560671,1.37623801150993,1.8956659052062204,0.9355368080515324,0.635668267906909
156,TRUE,0.7090696810486653,0.7275520983386152,-0.018482417289949926,1.4470695625010526,2.598679075105425,1.4826103206608598,0.9762080596927519,1.35223597343321,1.9354796560694851,1.0961129093932132,1.20978611579884
157,TRUE,0.797880807879813,0.7412849322961683,0.05659587558364465,1.6919475149126602,9.233777392937622,1.5894595181109779,0.8914776086839257,0.6565545148087283,2.463630515659906,1.1863960840954446,0.8587570433076737
158,TRUE,0.7467799009200283,0.750744261980217,-0.003964361060188715,1.331289342602977,4.864224368719332,1.3860346021292667,1.0374389043369865,1.070330898921071,1.799690691029025,0.8700314398379155,0.7787658885169034
159,TRUE,0.7399236126713098,0.7378757322577547,0.002047880413555081,1.6393015803498654,3.7217448820725796,1.5064930893212467,0.864827984822189,0.7992669946653908,2.0007972180257614,1.10063265293053,0.8127993363276663
160,TRUE,0.7471378535208323,0.7310093152789782,0.016128538241854118,1.5838029021340378,3.7674998908951336,2.1249086606245022,0.6468777652530872,0.6305013415984302,1.896655167926796,0.9058371444729274,0.8290799963771252
161,TRUE,0.7359759587864911,0.7312493997887256,0.004726558997765529,1.7165064758952784,4.672904329638754,1.1957711596553926,1.2617194715939868,1.4881459058230115,1.3423095930884275,1.004420710543659,1.0694896696751104
162,TRUE,0.7370105885249938,0.7474310957457024,-0.010420507220708641,1.4732238618035318,3.633782448600387,1.302775912007067,1.023991633580201,1.1874818808135892,1.577054329439468,0.9090072666311382,0.9936955903714698
163,TRUE,0.7676721788115574,0.7433976759819456,0.024274502829611744,1.8433058341315427,6.500673230161154,1.6039590601819604,0.9744217578152148,1.0184540633080228,2.565450884706191,1.0518820984212542,0.8484910259062267
164,TRUE,0.7589626239511823,0.7462786900989148,0.012683933852267515,1.585430725886889,4.047763352726879,1.185826537006846,1.2070822932898948,1.3584733742320616,1.730236996037247,0.8491825481927405,0.7664369679105237
165,TRUE,0.7854496294812738,0.730000960338039,0.055448669143234874,1.5664442412994684,4.702167980515005,1.152081865911351,0.9257178981651029,0.6852048103470723,1.467452744613856,0.7530341502398838,1.324654996033696
166,TRUE,0.7423720472440944,0.74018054355133,0.0021915036927644405,1.73072217166211,5.147677688328962,1.121031915644559,1.2335017129722827,1.1599820077672955,1.698513081786693,1.0436962204841724,0.9215611259035124
167,TRUE,0.7415718499789297,0.7495438394314798,-0.007971989452550177,1.4523433983807952,4.696902557517439,1.1609350460609127,1.21199270554402,1.2504201304621148,1.9912115021524324,0.914834121730454,0.7916152537304847
168,TRUE,0.7383952409948944,0.742149236531259,-0.003753995536364574,1.547255326475983,3.3203513130755895,1.6074283894793242,0.8613759349418295,0.9612299234790419,1.806357342065471,0.820986061911336,0.8514527822496605
169,TRUE,0.742203431982094,0.7428214731585518,-6.180411764578064e-4,1.5909366939213336,4.179932770404467,1.653362154336138,0.8266793754513736,0.7925313531244772,1.7487761599407698,0.9245752352274533,0.7389516304406124
170,TRUE,0.7077239009261975,0.747191011235955,-0.03946711030975747,1.4681186891765399,4.584402404018698,1.1767224417655304,1.0827972602767224,1.1425546523069934,1.729177081810192,0.8896183166501732,1.01012041040893
171,TRUE,0.7489051838272737,0.7428214731585518,0.00608371066872182,1.5909388341069277,5.004425750866937,1.1648481300769573,0.8495920570243962,0.52926463409466,2.000131728867805,0.9662848185298175,0.67803006551793
172,TRUE,0.7552853886380906,0.7381638336694516,0.017121554968638986,1.6334647180331143,4.95374637165827,1.8126924356968779,0.7471790934761187,0.6468436091543822,1.5769856618621432,0.8794003289813486,0.6495790373397469
173,TRUE,0.7688585544746092,0.7433496590799962,0.025508895394612985,1.5232177662678192,3.5480398019470245,1.2201159731797144,0.9730317290262893,0.8084068334204845,2.2188750991232107,0.7569918115122415,0.6895986253042965
174,TRUE,0.7087683681361175,0.7367713435129165,-0.028002975376798966,1.4334063086603768,4.004236906455385,1.0903657345095379,0.9710277473049452,0.807647339265338,1.6114668167304889,0.8395871495733708,1.3352937295955332
175,TRUE,0.7651819900159937,0.7467108422164602,0.018471147799533516,1.6555244622473255,4.704110272606035,1.277958725235988,1.0311966277484086,0.908327898982344,2.210893572991831,0.7199786673824794,0.7717001836550418
176,TRUE,0.7836748038360941,0.7306731969653317,0.053001606870762386,1.7726515532139708,12.240294812399101,2.2502860088533825,0.8808198400016054,1.1334606671514074,1.2881568206312135,1.0530154592116894,0.6877113245620685
177,TRUE,0.776916735366859,0.747191011235955,0.02972572413090402,1.6666243467224258,5.803017269890217,1.2676821757603307,1.0006066831545728,0.7319909075038458,2.4985716414665338,0.9683029547467552,0.8853065064409028
178,TRUE,0.7524239543726235,0.7433976759819456,0.009026278390677933,1.7249210828890469,4.4543006047106655,1.448932742090198,1.0112531858462022,1.2358086226058844,2.015553253183882,0.7695456020563461,0.5867313857110384
179,TRUE,0.7746427070197561,0.7502640929607222,0.024378614059033965,1.437064236841225,6.240021136183755,1.2952916357962942,1.138635143083804,1.1285050658384694,2.029304291640594,0.761882081537143,0.6807333748563315
180,TRUE,0.7128613703619394,0.7438778450014405,-0.03101647463950108,1.398547334160563,3.7018556078900278,1.518577173217296,0.9093087022227216,1.0226870274324584,1.7789549296937788,0.9091591837114662,0.6110337571802372
181,TRUE,0.7454723445912873,0.7452223182560261,2.5002633526116647e-4,1.7211397696452733,5.863342590935124,1.3471511950936075,1.094392511114309,1.0865327962769773,1.6160957188081975,0.946666042163821,0.5548132033462806
182,TRUE,0.7742553191489362,0.7445500816287334,0.02970523752020282,1.6496391853099626,4.552984291213511,1.2913670066260987,1.125702885096298,1.5428820258623852,2.0424153999095895,0.8437178862603056,0.9497257333024114
183,TRUE,0.743107492144975,0.7356189378661289,0.0074885542788460935,1.5121320773926248,3.151287917444923,1.5313435917071951,0.7923133950631109,0.6803332669334413,1.6906575173745055,0.7537791294378701,0.9019138615820417
184,TRUE,0.7646713084365675,0.7459425717852683,0.01872873665129915,1.6249814387457862,5.503408939853583,1.3614829831278321,1.0596065875114402,1.0331672907666596,1.6310505003428526,0.7795457491305484,0.918986956126992
185,TRUE,0.7823909531502423,0.7448861999423797,0.03750475320786262,2.008686566402117,8.008435963171255,1.5506716727809422,0.8997327262129418,0.6854733101152403,2.1296692132438326,0.9200208070957622,0.9032480178561987
186,TRUE,0.7475024653775243,0.7413809661000672,0.0061214992774570876,1.510265291942705,3.3657622222276853,1.4298518732691552,1.0359850780280981,1.3125862208717416,1.5998370936288446,0.6852811082708609,0.7298226630871515
187,TRUE,0.7859389745202894,0.7415730337078652,0.044365940812424176,1.5259620488706993,3.3210516426778747,0.9321726891143735,1.145277580907637,0.7582316782149405,2.269764663617742,0.9449045112116129,0.6477473566700969
188,TRUE,0.7865738108773925,0.7354268702583309,0.051146940619061665,1.3580637730831573,6.70718111632605,1.2822222481796868,1.0075461509701251,0.7168738067514784,1.9038456482673891,1.232943430541144,0.9044552525547159
189,TRUE,0.8033840321760437,0.7348026505329877,0.06858138164305605,1.855562983218843,5.596710401919775,1.8922861974198506,0.6920407436432624,0.526136437093485,2.16454676125238,1.0965420014722003,0.6812853857994162
190,TRUE,0.6956896989389247,0.745702487275521,-0.05001278833659628,1.4120949652391976,5.0640700620076515,1.2167417976290478,1.0978005099490313,0.9790400861663082,1.531332961681562,0.7437108753976538,0.8684837409495814
191,TRUE,0.7185394581861013,0.7342744646115433,-0.01573500642544201,1.7580166548470988,7.229925761020204,1.5315879865876547,1.1677963659537804,1.552333609445181,1.2821780705809158,1.0124534619336294,0.7231168681766582
192,TRUE,0.7896981977178201,0.7450302506482281,0.044667947069591984,1.755671082003892,5.204943209922644,1.3386510398626705,0.983270412970763,0.8428592110290339,1.6593556507149643,0.9737893896419711,0.5993193691106208
193,TRUE,0.7267411506734885,0.7435897435897436,-0.016848592916255067,1.7619156471157857,5.417746815521975,1.4536131209023848,0.8585226051049579,0.6902676806255635,2.2141149607554698,1.0323968388335742,0.6489220147376477
194,TRUE,0.7578091158492564,0.7363872082973206,0.021421907551935737,1.3778480887477875,7.067882798963865,1.5552208124192863,1.0919587152515025,1.5826258574475776,1.5390935897352518,1.1290775123602006,0.798646273721798
195,TRUE,0.7700795755968171,0.7447901661384808,0.025289409458336243,1.3879462098179187,6.037026371089147,1.5141940055106569,1.0296304401973713,1.1362086877138529,1.9419203840099035,1.063319641950792,1.0574788841973306
196,TRUE,0.772752261482333,0.7165082108902334,0.05624405059209958,1.9324023883067623,15.541779646363347,1.6838356088960122,1.2460758405197663,2.204532382757651,0.9617618794132824,0.8752696619463075,0.8983294124858006
197,TRUE,0.6792178073642605,0.7388360702967445,-0.059618262932483956,1.426205535116551,2.7308359530812427,1.5220324157363754,0.8264447942513192,0.8264634704919012,1.3747615796828072,0.8799501496050597,0.8161412244014177
198,TRUE,0.7788576143760888,0.7446461154326323,0.03421149894345654,1.8112752562503065,6.061993892024285,1.2740555232062702,1.1565359212336173,1.133627618106958,1.6850901714249915,0.9767925521800608,0.8265785771725537
199,TRUE,0.7410531114656941,0.7442619802170364,-0.0032088687513422975,1.5554594784105782,3.4088417431507096,1.0355912557847475,1.2128962550797995,1.1177399870856664,1.6913561782849544,0.9258165084782031,0.7292482024863269
200,TRUE,0.7574026232114468,0.7414769999039662,0.015925623307480596,1.7018751954140574,4.491691803754731,1.0994355840626637,1.3504299133110493,1.5628116544478299,1.5476715665456304,0.810455455721079,0.7326820858981914
201,TRUE,0.79033241842025,0.738788053394795,0.05154436502545501,1.6340484255857233,6.276844998574857,1.9353591578263136,0.8059757252996781,0.8566208589000527,1.661373007685983,0.7350073499348363,0.4670926736744781
202,TRUE,0.7692943770672547,0.7452703351579756,0.024024041909279092,1.7345528001750947,5.584529895646642,1.5402125521519527,0.8064431923647867,0.6641557214215064,1.7881836707622192,0.9805490790931086,0.6251881065677026
203,TRUE,0.7307808716707022,0.7490156535100355,-0.01823478183933336,1.513434537736113,5.820558952040283,1.4713637330237916,1.0559944367701417,1.1681264987842992,1.5641612023355258,0.885641658535022,0.780069539992804
204,TRUE,0.7750373353848938,0.7404206280610774,0.03461670732381639,1.4948514884655604,3.4205997630283465,1.4618151203901582,1.1354206061544359,1.7527928115260185,1.625497033531009,0.7034317315652031,0.7570316269051729
205,TRUE,0.7560539060854916,0.7360510899836743,0.02000281610181731,1.5065395987648345,2.4245371372038544,1.1795546244091384,0.9191184929456783,0.7192156151113028,1.8795191794330097,0.715463349944494,0.7494599974002484
206,TRUE,0.7544801194698525,0.738403918179199,0.016076201290653458,1.3000871858585854,3.1955783151388197,1.2680035895445285,0.868306413659471,0.6121299726767919,1.7177238791258143,0.9458469357782875,1.066099587617229
207,TRUE,0.7671150971599402,0.7379237491597042,0.02919134800023604,1.593252609151593,4.452337797505186,1.4592459161370117,0.8064676248664878,0.5599849413739858,1.8039501485232103,0.8633677909925099,0.45396334081572093
208,TRUE,0.7519984402417625,0.7450782675501777,0.006920172691584847,1.36943534306528,4.960172801739313,1.3091728072917614,0.9504870042402112,0.8818589498044387,1.5222425631173955,0.7729076806279738,0.6364704769763763
209,TRUE,0.754272076372315,0.731585518102372,0.022686558269942925,1.3775991715619742,5.0423447565490855,0.9890869969852693,0.9067449579430062,0.3967096196083318,2.101431413208848,1.0801441889193264,0.8875353764708299
210,TRUE,0.7344035765088397,0.7428214731585518,-0.008417896649712153,1.4978272758295967,4.477163522189407,1.769188582346591,0.7795984685444091,0.7715447708597756,1.8867393392426883,0.7862499953755596,0.7924539727539214
211,TRUE,0.7576257929955679,0.7197733602227985,0.037852432772769395,1.7797844811136563,8.145284577793836,1.6308363677088855,0.9020670833449581,0.9263042559081555,0.9695533828243039,0.7132106697426134,0.7903097354559832
212,TRUE,0.7577605083508652,0.7413329491981178,0.016427559152747406,1.6371589484156528,5.141114271236531,1.653534248374589,1.1511332624013393,2.0764461314714766,1.786782116107233,0.939824934510725,1.11343355028474
213,TRUE,0.7476539520986041,0.7407087294727744,0.006945222625829639,1.3725288500050445,4.856462632816072,1.4609097154618151,0.9705763540089379,1.1060221316311862,1.8103649874465326,1.1453192834804222,1.1064294529951295
214,TRUE,0.7531960705154084,0.7422932872371075,0.010902783278300854,1.6188025102591181,7.019855504557488,1.2543105735271625,1.2546668746247076,1.33979221266936,1.310618699217278,0.8409265393207866,0.7280998618012103
215,TRUE,0.7290337711069419,0.7403245942571786,-0.011290823150236662,1.3395018126391218,2.487630303663597,0.8826689277524324,1.1109182196280927,0.7031481430844175,1.9551554952347996,0.8225104762315354,0.8034747910019077
216,TRUE,0.7243743025665551,0.7440699126092385,-0.019695610042683387,1.3990208413412106,3.8311729875555147,0.8994354906599858,1.2304436913367447,0.9142490459121088,1.4976001683138298,0.7745876281292678,0.6932538279152776
217,TRUE,0.7618837834265827,0.7395563238259868,0.0223274596005959,1.3837610442017698,3.2860797802870305,0.8441369367364056,1.1446084368165101,0.6695245520905729,2.125909335002306,0.7662342905090412,0.6682731503337489
218,TRUE,0.7337618578611788,0.7379237491597042,-0.0041618912985254,1.4884080924896221,2.352025168053442,1.2298953213951362,0.9009924238058995,0.7447453374362077,1.825892345867024,0.9818981439631825,0.7832017099979216
219,TRUE,0.7476129853596436,0.726255641985979,0.021357343373664572,1.6475966379933338,8.031889049129056,2.29608973418907,0.9654950285455453,1.7516351165065287,1.2592771878352325,1.0787779339932966,0.8367845501521559
220,TRUE,0.7854036010519927,0.747287045039854,0.0381165560121387,1.7529616541889108,6.364209383944856,1.4400838132854643,1.2083150598829193,1.6425417432072742,1.9572363279733032,0.8409496793962875,0.8311984769137505
221,TRUE,0.7522814172826918,0.7254873715547873,0.02679404572790456,1.8057465970410762,7.801742896087844,1.1771889170099108,1.1134344155085303,0.7682130846245262,1.341677779174991,1.0461166091071101,1.1267473644820762
222,TRUE,0.7331986598344502,0.7453183520599251,-0.012119692225474932,1.4521323527975833,5.1291170945832425,1.5724897630216743,1.0951366406097298,1.6079071435640693,1.5537304197744384,0.9472113417181904,0.7614079522690145
223,TRUE,0.7966142107773009,0.7353788533563814,0.061235357420919456,1.9764463823303138,6.456183903196137,1.8268426356327772,0.8122985342077224,0.765562267180118,1.392159727601315,0.8404429003402858,0.6429569493222803
224,TRUE,0.7439218908598773,0.7478152309612984,-0.003893340101421172,1.3937981375296156,3.8886964743650925,1.1918894597981637,1.1283161697080781,1.1219174719850258,1.9716899333841456,0.9921196912733508,0.9119856402970489
225,TRUE,0.7610432546606667,0.7439258619033899,0.01711739275727675,1.4895473970923807,3.3591803727291625,0.9208875509926173,1.2795153447426502,1.0430171093305662,2.0977977125701948,0.9225969890628625,0.9266056462492261
226,TRUE,0.7642516682554814,0.7416210506098146,0.022630617645666762,1.7235579729611967,4.958545955766471,1.3390143305454918,1.1177883145270422,1.2399002090813227,1.7771435267111209,1.063444933680342,0.9111644933781649
227,TRUE,0.7515614468658729,0.7379237491597042,0.013637697706168739,1.8302141081367655,5.864946626232248,1.2439058494173694,1.008557106310687,0.7551770859070912,1.4051972038190024,0.7626751427881566,0.5636854547936474
228,TRUE,0.7433017140955234,0.7397003745318352,0.003601339563688133,1.5669965304334026,3.0401285429440654,1.3829044823889667,0.9217145620571027,0.9007994397375707,1.5762437664286557,0.7068951194343802,0.6853851258056114
229,TRUE,0.7335686111687773,0.7382598674733506,-0.0046912563045733435,1.6037185071173492,2.675201429044527,1.1387925141574706,1.0665149926648583,1.0164843105526782,1.7124019370121786,0.862542973738264,0.6665256715200422
230,TRUE,0.7214722685676728,0.7470469605301067,-0.025574691962433893,1.4848352015364812,3.604879033501361,1.3094195089734746,0.9587744697799476,0.8506074656385144,1.6537066659790571,0.9511925084583156,0.798344493347122
231,TRUE,0.7639497104110751,0.7351867857485835,0.02876292466249153,1.7425731177068224,2.850945948210867,1.022911491053365,1.0583700150786064,0.8451234371896661,1.8880875476104166,0.77429355754497,1.0870066069544488
232,TRUE,0.7531242158092848,0.733362143474503,0.019762072334781777,1.9223915748388414,8.393939207397743,2.0760503472808387,0.9936422342468376,1.5915125330726403,1.337136940404531,0.9663666370457511,0.6166702395117799
233,TRUE,0.761668372569089,0.7373955632382598,0.024272809330829204,1.7595612147678683,6.299561897248107,1.374066777057034,1.0845189145693919,1.0740482279198296,1.6146153564699324,1.2134610258092788,0.7797297414377812
234,TRUE,0.7845790161955537,0.7412369153942188,0.04334210080133494,1.6632854262462025,4.646267443780958,1.658391081419611,0.7732819565112529,0.6199318955955475,2.0480893630090686,0.9102046448619978,0.9633060138098967
235,TRUE,0.7621079046424091,0.745606453471622,0.01650145117078705,1.438369458741745,3.9236687593876125,1.1865517841085398,1.0025790515753261,0.7683348171941634,1.7737788789583224,0.7907969574685851,0.9006084980371774
236,TRUE,0.7467868222780322,0.7447421492365313,0.0020446730415009107,1.4532787079333618,3.122235107843255,1.3657335624638542,0.921632684057587,0.8717307236754294,1.7900761747372813,0.8030892450048179,0.8915022929415407
237,TRUE,0.7374276365466902,0.7375876308460578,-1.5999429936763843e-4,1.6275889459924784,7.10529928128112,1.7028050598120268,0.9953085317171253,1.2003502720426236,1.310183035289841,0.9544458066695769,0.9962410675568103
238,TRUE,0.7399487537852318,0.74272543935465285,-0.0027766855694210113,1.4919895320844856,6.972333048934597,1.3929173979244442,0.8741849246071878,0.5291177561987641,2.2504120122114375,1.043378069625679,0.8328022928292496
239,TRUE,0.7249798128532751,0.7368673773168155,-0.011887564463540445,1.6036863526940843,6.037258932666212,1.0295288949883257,1.200769984350976,0.8306908648696637,1.576833222090099,0.9630767799022978,1.0189726069688227
240,TRUE,0.7361386565491075,0.7242389321041006,0.011899724445006865,1.4740471631487901,6.718667143101421,2.0200308317512246,1.1245491510201104,2.4284017235128563,1.1373087222991856,0.7850504783255079,0.8919915877082472
241,TRUE,0.7709933381423176,0.7463747239028138,0.024618614239503844,1.672259906874146,5.673165194146953,1.4984934261399576,1.0878578392279903,1.3292299688793108,1.8428724390157216,0.9316344247381089,0.5442539714151993
242,TRUE,0.7283905471499749,0.7414289830020167,-0.013038435852041785,1.7434386777732145,5.916719027515657,1.066276878210453,1.3656807134731523,1.3363316243703844,1.6612007306684187,0.8969110731385789,0.7838669348632107
243,TRUE,0.7332245368148219,0.7418611351195621,-0.008636598304740173,1.4315048734455427,4.402167190820309,1.3617764777433803,0.8512893928467733,0.6896389366911887,1.871468227037462,0.8294275274223697,1.064326518509658
244,TRUE,0.7437142202885276,0.7468548929223087,-0.0031406726337810387,1.6076614550864683,4.5131041209275775,1.3367817264294686,1.1392484071866822,1.347917295260465,1.6360225318294792,0.8717668570021609,0.7761966085619217
245,TRUE,0.7575743953969253,0.7449822337462787,0.012592161650646583,1.5268546101264657,6.344250087474697,1.4827027069906662,1.201442535946866,1.701597795283846,1.4549543602973052,0.8258168556804327,0.7830225284245054
246,TRUE,0.7392002938070973,0.7448381830404303,-0.005637889233332971,1.3606722961021671,3.6852882961548046,1.3351830604016357,0.8753840310609029,0.6580026086107786,1.9592345842576269,0.971954934442486,0.7636147832153573
247,TRUE,0.7484993434627649,0.7429175069624507,0.005581836500314186,1.2887641147420024,4.577462268327434,1.4293887340849896,0.9129901907376105,0.7834450144996257,1.805194121166187,0.7532171902164919,0.848855075474363
248,TRUE,0.7301135014484494,0.7360510899836743,-0.005937588535224858,1.511462662446534,2.952753081021408,1.1078664991377272,1.0819615468758446,0.982727146610699,1.6290504751937998,0.75948361189275,1.1816578331152832
249,TRUE,0.7432506887052341,0.7381158167675022,0.0051348719377319885,1.5985491437410684,3.4019620882779305,1.5082756873236731,0.844641768617606,0.828404376403893,1.4179817383071482,0.7723902730654516,0.7314737251798608
250,TRUE,0.7405595282900514,0.7477672140593489,-0.007207685769297423,1.5233865354001381,4.350319660889136,1.4972054161092718,0.870310078864517,0.7589244405605645,1.831840567192035,0.8572836425691502,0.7533240485771987
251,TRUE,0.720058245358573,0.7324978392394123,-0.012439593880839261,1.388726301751826,5.123375907700616,2.175809977266848,0.7305351964939916,0.8782004087153436,1.6484718419104427,0.7307156469518907,0.7596540622886164
252,TRUE,0.7868190661478599,0.7334101603764525,0.053408905771407444,1.7762162389791507,6.479236380087184,1.5251817792872266,0.9466202230303082,0.8566084108722135,1.2186424207425621,0.6535273179821077,0.5872270851372325
253,TRUE,0.7245109876841342,0.7462306731969653,-0.0217196855128311,1.3450914751127805,5.446908074161081,1.5068655886468771,1.166026373024482,1.6737498594023998,1.90505995868378,0.8013901012638309,0.7192960528308319
254,TRUE,0.7531244339793516,0.7432056083741477,0.009918825605203851,1.633571898093639,4.464918868909774,1.2528549787118073,0.8770104159745589,0.531440549964038,1.8108242570923392,0.8342866460826887,0.6536994692528413
255,TRUE,0.76759703035429,0.7428694900605013,0.024727540293788763,1.625082625432585,4.637647970758232,1.3838824772275427,0.8077581286338718,0.5961229976881881,1.8179470019611312,0.9389410669341991,0.8003639658456269
256,TRUE,0.7684504062695322,0.7407087294727744,0.027741676796757764,1.5267725963538883,3.523034337086426,1.408139202302228,1.0983027962933067,1.5000912604952805,1.86146503971681,0.7529683873632134,1.0652019607617778
257,TRUE,0.7534209333937472,0.7274560645347162,0.025964868859030932,1.8352022117956936,3.9863591464599466,2.1544348393940136,0.707262089142263,0.8284884268382076,1.8369556607689044,1.0471195208026125,0.887308048303407
258,TRUE,0.7874093310647443,0.7419571689234611,0.045452162141283226,1.6056658608508476,5.837478503276491,2.5545863509779316,0.8791254358826065,1.5375094484448877,2.277070723724821,0.8731338002926327,0.778402781241769
259,TRUE,0.7898058014968449,0.7490636704119851,0.0407421310848598,1.5884528537260225,7.3992972957644545,1.8382431507319932,0.8595667528213451,0.8700595048686406,2.2171158135422626,0.8485208618909253,0.8460780415946371
260,TRUE,0.7429109496906107,0.7246710842216461,0.01823986546896461,1.537322079215513,2.4706389023365665,0.6419736245345538,1.2458691690023291,0.8269127548230044,1.671748719150252,0.7063137297466239,0.6199587460900304
261,TRUE,0.7630958757364756,0.7374435801402094,0.02565229559626625,1.4974213474265796,5.0559762983686865,1.383934106301165,0.7870823595902069,0.4526274194198065,2.9229311184006,1.0547352835456494,0.66586268970931894
262,TRUE,0.7592292282743489,0.747287045039854,0.011942183234494919,1.4545014074617943,7.9102017116587895,1.4823034321994972,1.2254804257285326,1.6131185393037064,1.9293703235037343,0.9494893830518141,0.6222102206750096
263,TRUE,0.7386097991508038,0.7462786900989148,-0.007668890948110962,1.5412994800531012,3.6607598740527645,1.3374036313529027,0.9182151517928101,0.7699662483279119,1.6602022256501403,0.920262365547195,0.9166491280771952
264,TRUE,0.7360880014790164,0.7357149716700279,3.730298089885675e-4,1.5872391534155363,7.32467170967891,2.223638194973595,0.8688346731004344,1.2928830620944787,1.3662759124384674,0.8465665271069627,0.5910671313134493
265,TRUE,0.6985030369697259,0.7420532027273601,-0.04355016575763415,1.3895464240231825,4.470537656434631,1.1449331606909794,1.2698033886813014,1.4035827514539316,1.2503891501740825,0.8609553129015528,0.8572389111459023
266,TRUE,0.7711729739273734,0.7427734562566023,0.02839951767077109,1.6521299470515378,4.811693734015602,1.4320724304404382,0.9619269268334897,0.8868417044647448,1.6202922428997901,0.7779092533292791,1.012679147975932
267,TRUE,0.7604354876071346,0.742149236531259,0.01828625107587567,1.5277182448210165,3.917989022296065,1.4682491987489557,0.8990893720829668,0.8375480612466034,2.717837563757011,0.8801228508347521,0.6793660435658646
268,TRUE,0.7708217164292595,0.7383559012772496,0.03246581515200986,1.5663848330048447,6.815056853996136,2.3168008951055836,0.7549085350228621,0.9270059074652947,1.6390347241943093,0.9037956030477626,0.7174073839715887
269,TRUE,0.7116791191506096,0.7401325266493806,-0.02845340749877101,1.5398864979450442,4.409491707816541,1.35061517093012,1.055489977572292,1.278572495276746,1.4548856043545242,1.0409264614974896,0.6379523812971972
270,TRUE,0.7975274725274726,0.7441179295111879,0.053409543016284644,1.4461670171574303,3.6675559412089207,1.087028571687829,0.9579780472452591,0.6935861009100689,1.9918477071113354,0.856511781582171,0.6432558278534654
271,TRUE,0.7139573856835049,0.7399884759435321,-0.026031090260027256,1.385983497842403,4.157115069796653,1.3949226075691388,0.7923287172248663,0.51518659200353345,1.8851182165311091,0.8859968067123787,0.8771529209892939
272,TRUE,0.7572742277764678,0.7448861999423797,0.0123880278340881,1.510888942322546,3.1656521758992584,1.2382952519626913,0.9921026674980116,0.9034971880607836,1.821285337437764,0.7684053646394292,0.7853392859112692
273,TRUE,0.7424829467939973,0.7327379237491597,0.009745023044837597,1.813895135507902,4.776878274481081,1.2267879832872202,1.1392967826500406,1.3927775837724212,1.2157884925413174,0.8081733644845729,0.8724635464634662
274,TRUE,0.7799392395139162,0.7368673773168155,0.043071862197100685,1.6776749782238332,7.780506705791727,2.4614823302317603,0.6958167393997324,0.7657255549132789,1.8495992272809334,0.9419522010135699,0.5608689651108474
275,TRUE,0.7259594123138913,0.7459905886872179,-0.02003117637332663,1.4327687386963335,6.139213173148083,1.6265397321574724,0.9618768139422388,1.0548706775536387,1.4719405101494887,0.9679182703194278,0.82145549102438
276,TRUE,0.7580554250821983,0.743829828099491,0.0142255969827072,1.3199993766293328,5.22363868201354,1.5746203963574246,0.9835757709982121,1.108555745230578,1.882939249921801,1.0005134882743476,1.213045460074241
277,TRUE,0.7801012835065049,0.733170075866705,0.046931207639799855,1.950939077342331,7.208086336500032,2.3159161177517285,0.825213595120641,1.1082377094982951,1.399002046830278,0.9239225315459687,0.6047878154838893
278,TRUE,0.7817706315381635,0.7309612983770287,0.050809333161134784,1.7116907328000108,3.045521847738527,1.2056948032613395,0.9091002060396259,0.6425508789798615,2.5775629962592492,0.9334228266474066,0.4161755692635454
279,TRUE,0.8076259303203538,0.7481993661768942,0.05942656414345959,1.661053923411585,7.440439345801104,1.3359610366462622,1.1451780196814716,1.114492941394189,2.010208094600285,0.979537088893646,0.911184715975368
280,TRUE,0.7562641273505506,0.7394122731201382,0.016851854230412355,1.4832539252330463,4.27334135256437,1.2263771508410242,0.9322258962754845,0.8174593992452255,2.1035108330919035,1.1044387964880744,0.7264428380782492
281,TRUE,0.7660354015987818,0.7318256026121195,0.03420979898666232,1.5432764836515187,2.7590874572237922,0.9202603231115304,1.1071538850583893,0.7295794232126939,2.327028220739698,0.5927738069438576,0.751948114885097
282,TRUE,0.7346394452257408,0.7407087294727744,-0.006069284247033679,1.6225200704460356,3.7969238148787943,1.0889992294703827,1.0180057071962296,0.6794234540474066,1.7250591133550979,0.9581351550944844,0.8797929085611748
283,TRUE,0.7291523718036687,0.7364832421012196,-0.007330870297550973,1.6691213448240416,5.465156503562745,1.628754309997841,0.8680730680423335,0.8030006117694819,1.451141167046838,1.1157143421330542,0.7698233698953826
284,TRUE,0.7617688301282051,0.747479112647652,0.014289717480553077,1.570097895353113,6.7543136845586655,1.5016826197280897,0.9759744867397675,0.8961784040471878,1.6946514429330346,0.7910313788103137,0.7637273475781295
285,TRUE,0.7256701831301091,0.7274080476327667,-0.00173786450265756,1.4886550272461134,3.343112915916676,0.8533710280656885,1.0728712060455396,0.6178658121757695,1.3632418380954898,0.8519702888740553,1.0378361760478414
286,TRUE,0.7962547865882132,0.7490156535100355,0.04723913307817773,1.6418890180329901,5.672897626646253,1.7007301351662296,0.9423868502270191,1.1244349568792384,1.8350015160636737,0.8714332435539465,0.8642111257087008
287,TRUE,0.7849022863711841,0.7449342168443291,0.039968069526854944,1.7171173368685286,4.463382835808055,1.2265430446810124,0.9955957215030229,0.7883613798169637,2.236018739986931,0.9850931093070875,0.8032155915450101
288,TRUE,0.7561927475743943,0.7399884759435321,0.016204271630862133,1.414490636928895,5.061860710969944,1.7942603735989693,0.822433309142641,0.8425239763864052,2.190955268755911,0.8774612704603421,0.5242056338215468
289,TRUE,0.7886646997239934,0.7212618841832326,0.06740281554076089,1.5123434200902508,6.2810675450732765,1.630484221289904,0.562183526553457,0.21634490828565153,2.224561181725462,0.8372949942504886,0.3733558118016643
290,TRUE,0.7562802161342308,0.7431575914721982,0.013122624662032623,1.754205337433696,4.402816490339631,1.5288292771487249,1.0606791974360656,1.4349921513637298,1.6951947626170805,0.8434839449318196,0.7662196350661008
291,TRUE,0.7726299177093902,0.7322577547296648,0.040372162979725346,1.672172613609605,6.526253773621248,1.6650303889259093,0.6309319820132416,0.33001899835832005,2.1205598863065087,1.0133087763518396,0.415588090123641
292,TRUE,0.7556165403042001,0.7165082108902334,0.03910832941396669,1.6564217805863586,3.1056311400368304,0.6649325247951994,0.7998071457503289,0.21795343814639703,1.5854640288207873,0.8745524511321551,0.6504791179648011
293,TRUE,0.7601386646405166,0.7459905886872179,0.0141480759532987,1.688753817942875,6.047553551103711,1.48820492869729,0.93131559850751,0.9550780210926265,1.641518832838906,0.9212971253581427,0.5621501111545342
294,TRUE,0.7675872093023256,0.7225583405358686,0.04502886876645695,1.3894803538535498,7.89139495941694,1.9228727250927589,0.840646883928406,0.9319113514726447,1.231454390371222,0.745424676412048,1.2921848195519245
295,TRUE,0.7881895332390382,0.7345625660232402,0.05362696721579796,1.8421268080017128,5.397488982894592,1.126912959063866,1.053822263752119,0.6984192167984582,1.802394642484401,1.0712419970394407,1.1045900155040878
296,TRUE,0.7723392707356787,0.7433976759819456,0.028941594753733035,1.6240651219318663,3.9964633324485184,1.2074746874001883,0.9968280503273022,0.7757524273410831,2.028726284531794,0.8853404322496096,0.5122546945062249
297,TRUE,0.7321966384921792,0.7395083069240372,-0.007311668431858043,1.324286712692379,4.348332160701511,1.2945826190626142,1.2279710941673851,1.649033543025985,1.5363958416638401,0.770491925681578,1.0987931874922054
298,TRUE,0.7707101326839935,0.7449342168443291,0.02577591583966432,1.464640676663072,6.228378449707805,1.074476629872815,1.429705645749644,1.551100325409726,1.8561193897603063,0.8499169571427772,1.0534446577337553
299,TRUE,0.7326688038469245,0.7326418899452607,2.6913901663760953e-5,1.4836998400946324,4.980475356553774,0.9290221098074734,0.9485740778277204,0.48498912567033403,1.4152134173357296,0.8821296141049811,0.7504765675852552
300,TRUE,0.7625065213610804,0.7219341208105253,0.04057240055055511,1.6938037426715928,10.099411732631287,2.3150167178724113,0.8248242450491204,1.1212567372788116,1.1393279893802266,1.018666361035982,0.6677961584420109
301,TRUE,0.7814665270923683,0.7446941323345817,0.0367723947577866,1.8042560976963282,7.843396227628199,1.7306759657257322,0.8780282214769016,0.796327806980519,2.0319876712099485,1.070404964245533,0.7875432433981877
302,TRUE,0.7556592125120044,0.7378757322577547,0.017783480254249695,1.7544718661675502,4.788205121539555,1.4516034128258364,0.8992279522143573,0.7600357485829184,1.7525203252196053,1.122274295763496,0.9090535006335294
303,TRUE,0.7548335834731174,0.7397964083357342,0.015037175137383119,1.859349930754101,3.7421134797397984,1.292328728609834,1.0029993457746376,0.9325810725151571,1.6416129544104046,0.8227447163316476,0.6902544645831811
304,TRUE,0.7429438680741177,0.7393162393162394,0.003627628757878365,1.5494107674886437,4.021564402484635,1.5922337706775098,0.7897796498030815,0.6526480259147712,1.538968490792565,0.8605910165701763,0.9204519307599707
305,TRUE,0.7663417734929547,0.7407087294727744,0.025633044020180296,1.790945374117352,4.226647152466213,1.6760578393995387,0.9805279787917192,1.3618550381050116,1.8694262653272264,0.702538207962999,0.6383489179675695
306,TRUE,0.7942321912743406,0.7444060309228848,0.04982616035145582,1.6151374571604493,6.996029095658171,1.9819786730783813,0.7336113064874581,0.6850240811827413,2.125335708981911,0.8498251367214471,0.8056174561164405
307,TRUE,0.727792157054256,0.7448861999423797,-0.01709404288812366,1.515603283185383,5.186451352770261,1.5823816949936167,0.9272690776817524,0.9539056712645966,1.4432617012269422,0.9134078310368211,0.8933786260698732
308,TRUE,0.7703375485412725,0.7220301546144243,0.04830739392684813,1.7800331754184824,8.023979823893953,1.4699824854230479,1.1315863580984094,1.501375609807282,0.9936865240919105,0.6690579219014581,0.4987438408192102
309,TRUE,0.7826152455558903,0.7392682224142898,0.04334702314160055,1.7714873976503107,5.669161718319032,1.202566193396572,0.9464913473116368,0.5566945057924443,1.6728158027341271,0.9865722149612555,0.7519827613579243
310,TRUE,0.757717823971694,0.7389801210025929,0.018737702969101044,1.7551133292167083,4.390817212763384,1.718145308507522,0.8486586889867825,0.9510954126705592,1.7591639516639497,0.676275851481116,0.6778136593250091
311,TRUE,0.7314362167447126,0.7469989436281571,-0.015562726883444511,1.4481631608181298,3.6156087973074493,1.3511701437258519,0.9200151033708512,0.782038444605102,1.915700160012113,0.9011986122833586,0.7669763388724016
312,TRUE,0.7302631578947368,0.7295207913185442,7.423665761926435e-4,1.6192760683276632,4.005140829726417,0.9203137080641828,1.2144183263901216,0.8140996908519365,1.396178368543775,0.8189836393798968,1.0220932931571136
313,TRUE,0.7147723753484051,0.7349947181407855,-0.020222342792380443,1.4880489731190425,3.9940021288866965,1.5050523359681278,0.9851081274982628,1.174369301393943,1.6901292662737684,1.0221556658071238,0.4820731918916519
314,TRUE,0.7666648557613951,0.7431575914721982,0.023507264289196916,1.464143974085258,6.972887094265014,1.406772801978879,1.2309582181768461,1.5959891344489872,1.7019238672739143,0.6554275347739528,0.6659158138255911
315,TRUE,0.744340199877626,0.7456544703735715,-0.0013142704959454576,1.4455107098139839,4.379050794436507,1.5265912264817187,0.9058668372012215,0.8867400470053802,1.6929083519587234,0.7861361811276167,0.6855707662842717
316,TRUE,0.7892813641900122,0.7496398732353788,0.03964149095463332,1.5849021291825054,7.514135811829348,1.169408110819528,1.2446293760439604,1.130705768062994,1.7968612002658915,0.8136200950124081,0.7322951190117016
317,TRUE,0.7308892698580157,0.7369634111207145,-0.0060741412626987845,1.5185710062373627,5.436154714913896,1.5913189861208268,0.9177719221443467,0.9118747181147197,1.3858954293051307,0.9098077804401671,1.1624179196013655
318,TRUE,0.7729714579343205,0.7377796984538558,0.03519175948046471,1.6353236392905819,4.506542131968039,1.0909477635783926,1.3034640747605006,1.781700758483491,1.4188887755037227,0.747203984365356,0.7577027276079591
319,TRUE,0.7394454159380465,0.7362911744934217,0.003154241444624728,1.5239124022616781,4.552851879495698,1.7191558854992106,0.7410281510748554,0.6333331237839174,1.4527503404636362,0.7795116604218645,0.6593678328437315
320,TRUE,0.806932359021201,0.7388360702967445,0.0680962887244565,1.4792159177387911,4.786373925851339,1.0113987901769699,1.1332816471773315,0.9885326778279119,2.306068338842457,0.7363939514387821,1.3004939713429284
321,TRUE,0.7362797682900665,0.7481993661768942,-0.011919597886827726,1.393493277979562,5.132017696146623,1.5104219138791841,0.9355791656349366,0.9001184895801858,1.700557152143696,0.8547231410420666,0.9285890259406898
322,TRUE,0.7379900213827513,0.7378757322577547,1.142891249965583e-4,1.5646178295973237,3.951126723254826,1.189732260717288,0.7943337658295659,0.48428186609215595,2.0426691206964116,1.0254451530579305,0.6320469180197584
323,TRUE,0.7469769795092335,0.7367233266109671,0.010253652898266408,1.344336444121023,5.483753889383537,2.061050161943459,0.8055953121402472,0.992829749006155,1.9623968290382556,0.915929627607887,0.5177178885936524
324,TRUE,0.7542634554177949,0.7342264477095938,0.02003700770820116,1.5744978223179875,2.926813624743587,1.4198521258506276,0.8192211225847935,0.6736655740206065,2.2426322443086932,0.9388441280933365,1.048891092401811
325,TRUE,0.7316343431105412,0.7478632478632479,-0.016228904752706663,1.4815187715107903,6.497634010737415,1.4016957651118698,1.1411207391808762,1.2957240221766158,1.4964656367220466,0.8927652098528158,0.673041282630332
326,TRUE,0.7416016214584501,0.7337462786900989,0.007855342768351203,1.6783077745321606,4.247063007482575,0.9336915923465087,1.1658537493519578,0.7692896547150792,1.65700810193733,0.9538600174717428,1.1850768299348915
327,TRUE,0.7998622273249139,0.737203495630462,0.06265873169445191,1.655212056990055,4.342641639383781,1.5066808037649293,0.8769063451771217,0.7880593665309059,2.2715561084688543,1.0141209178421942,1.2209233962030874
328,TRUE,0.7212552742616034,0.7442139633150869,-0.022958689053483528,1.5484101796106016,3.411552537438478,1.3685118593163603,1.0092501704029178,1.1235950132013814,1.530177957143472,0.899133271466725,0.8034714489743974
329,TRUE,0.7344432984627474,0.7414289830020167,-0.006985684539269288,1.644527738594134,3.908473980621299,1.6389451805867632,0.8782624808823069,0.9864133727691227,1.5148870321382895,0.8328698329419829,0.7658001894381857
330,TRUE,0.7378458117757729,0.7394602900220878,-0.0016144782463148877,1.6924465636608144,7.40163620689507,1.437066297874156,1.0339691412730072,1.1859623433664697,1.2382023334563994,0.8359771183054451,0.6589979566952154
331,TRUE,0.725186817397969,0.7263996926918275,-0.0012128752938584952,1.4562005693273326,5.313828375644921,1.135940333307296,0.9736452885600376,0.5513422033962948,1.203278862391968,0.9195405707813042,0.7381616938406339
332,TRUE,0.7342809092388651,0.7303850955536348,0.003895813685230287,1.2479539787168912,3.148164642254643,1.3568862040466605,0.7570467725652611,0.5203891759772115,1.7290247840747133,0.9299422961252637,1.0048849385192073
333,TRUE,0.7163587159387832,0.743733794295592,-0.027375078356808857,1.6121244999960964,3.8613483345046555,1.4403584295957634,0.984106462385783,1.0782246748235491,1.576567180505718,0.776573121627115,0.6447438598522991
334,TRUE,0.7394475554091572,0.7345145491212907,0.004933006287866526,1.512713146553081,5.107430021115809,1.3297179616424273,1.1820443103803675,1.4440587642132974,1.6401973947143034,1.2227342497028908,0.8199304184833022
335,TRUE,0.7900034883141476,0.7432056083741477,0.04679787993999984,1.7897931200752963,5.832676816789252,1.357075714085249,1.2301087372299095,1.6126101042246774,1.5493762439580632,0.7932265485469635,0.708265043026174
336,TRUE,0.7832583547557841,0.7436857773936425,0.03957257736214159,1.347775571747816,7.009351612321103,2.2253196615200426,0.8871665440377666,1.2722274471244035,2.200927283022601,0.9479187089746781,0.7281908320721125
337,TRUE,0.7991386061080658,0.7310573321809277,0.06808127392713803,1.6883104908881064,10.269756600479813,2.572716789881372,0.878209026261793,1.5094532531382931,1.3672957393385063,0.9657035556032539,0.7766874775496098
338,TRUE,0.7298072980729807,0.7428214731585518,-0.013014175085571122,1.5513034523202525,3.2548300071519742,1.2340405130578984,0.8850536969403237,0.719474439879676,1.7733417323348246,0.8059477723995202,0.7333087063891833
339,TRUE,0.7582393373281635,0.7375876308460578,0.02065170648210568,1.5382966493040129,4.942304120876067,1.5522130175433217,0.8168053752874551,0.7175236072997949,1.3086862195433089,0.795677644040275,0.8988123690618074
340,TRUE,0.7734076597501807,0.7225583405358686,0.050849319214312017,1.8116548339539655,6.9634792250222874,1.0899441605916742,0.9986566884852394,0.4832171287438145,1.3939234774656983,1.0276851915855456,1.1537245924597863
341,TRUE,0.7333633498424134,0.7483434168827428,-0.014980067040329392,1.5213101868645607,4.0950296136000794,1.4238355303394448,0.9605911162957648,0.9550466454123087,1.6225474798218325,0.8968486242222882,0.795132221453356
342,TRUE,0.6908934794686601,0.740468644963027,-0.04957516549436691,1.4483915973428303,2.960229142843242,1.3131162505449978,0.8572625723315993,0.6578719716729965,1.46943064885699,0.8322193635686869,0.7525291408142907
343,TRUE,0.7188963002858682,0.7409968308844713,-0.022100530598603174,1.6529054075834784,3.722491211542997,1.09948731227822,1.0550541180343125,0.7896113272612812,1.7963048835913165,0.8888814594071589,0.5463252920826227
344,TRUE,0.7503891807744698,0.7419571689234611,0.008432011851008725,1.4919538023382217,5.5467425101063155,1.7802102296260933,0.9411814326860802,1.2055180681429516,1.4540503824226718,0.7091756566142526,0.8250761605971902
345,TRUE,0.75803634647156,0.7368673773168155,0.021168969154744532,1.5802407524871103,7.540572802736881,2.1768782787261953,0.8758217256629913,1.2434694790400207,1.42689857831131,0.9236161502075605,0.5481699411682557
346,TRUE,0.7636389671137416,0.7458945548833189,0.017744412230422668,1.6846460469406144,5.575780032870359,1.671378711767019,0.8703479991277472,0.9194755321099223,1.9190257657787053,0.8423770071318173,0.5852662015404452
347,TRUE,0.7879752510760402,0.7418131182176126,0.04616213285842752,1.7524407296731495,4.415969237256133,1.465178205495998,0.9356598389452233,0.9056414983249742,2.2236423671384764,0.6815308389657231,0.9240603902180806
348,TRUE,0.782170509105065,0.7377316815519063,0.044438827553158755,1.6545925011048852,4.946147129977153,1.7436768178095703,1.1074537821072017,1.9241029214123349,1.4882795927835997,0.6689695956917365,0.8373998777158757
349,TRUE,0.7794704721699628,0.7376836646499567,0.041786807520006075,1.913672834387198,5.622852185033108,1.8534239797113623,0.9851402000889565,1.55133970530219,1.5342720784905035,0.8612249302846194,0.849662377425054
350,TRUE,0.7861295437195372,0.7417651013156631,0.04436444240387416,1.6884664975027126,4.822750698195213,1.5175724975944884,0.86124851239181,0.725233915616016,2.4258791050237627,0.9683911923066767,0.5148785832041056
351,TRUE,0.8119653309320126,0.7176606165370211,0.09430471439499155,1.9031784046235891,4.3684570437911745,2.4350718505526863,0.6555725480939201,0.8552402287446017,2.2532237526338004,1.2825979401392,0.7324304564712971
352,TRUE,0.7637449247671364,0.7410928646883703,0.02265206007876608,1.60482894440692,4.103576774996917,1.4389836903561866,0.8983461135398979,0.7935801677513719,2.2528792310656245,0.6727472184879713,0.9003470455273527
353,TRUE,0.7774512055109071,0.738403918179199,0.039047287331708036,1.5964088762903543,4.875644076238297,1.8673343377122886,0.7816305633624444,0.8106514436176963,1.610977590026531,1.003159521680085,0.8523363216105676
354,TRUE,0.793678134165076,0.7324498223374628,0.061228311827613235,2.1107995142950746,6.031031528364868,2.1700322136849186,0.8355609272165342,1.2318085091251818,1.5066477909403035,0.8657690063667067,0.7414430322737837
355,TRUE,0.7575757575757576,0.7436377604916931,0.013937997084064513,1.5525348814996462,5.387005253494641,1.95880062609289,0.8582544429049231,1.0657703157722422,1.7838064379368392,0.9459023442028357,1.046727174664177
356,TRUE,0.725807143163401,0.7359550561797753,-0.0101479130163743,1.3133495500060994,2.156363938157895,1.0158152928700739,1.124513139432112,1.2223031332723386,1.9784622797270293,0.7893388007144095,0.8985949356211012
357,TRUE,0.7713014338295885,0.745414385863824,0.025887047965764465,1.686256588821621,8.620401078910923,1.6017246113771653,1.1108100626022996,1.3636798844864049,1.719511492203172,0.9943703963473302,1.024265912029783
358,TRUE,0.7252494244052188,0.7249111687313934,3.382556738253939e-4,1.3135444815667094,2.9182904630529083,2.0258446521802944,0.9650070531907887,2.034676697688664,1.8073363367935804,0.7652065071446612,1.1149146673965282
359,TRUE,0.7425297153951792,0.7277441659464131,0.014785549448766089,1.4811545810641549,2.1887210950374842,1.1133987085064334,0.9987502409403167,0.8692282606638928,1.9700995092434055,1.126936838388401,0.820221958732374
360,TRUE,0.730930245201979,0.7389321041006434,-0.008001858898664338,1.4551326372402515,4.723484631117125,1.3528502817444898,1.128637951745803,1.34503715664908,1.2263933870008128,0.7794352864605254,0.918781315428104
361,TRUE,0.7766288013855637,0.7455584365696726,0.031070364815891094,1.4348924332733097,7.590690588778814,1.4297910517448638,0.9596867832988656,0.7278975363741336,2.2056757332800254,0.944972591517317,0.5528244324751233
362,TRUE,0.753040124283495,0.740564678766926,0.012475445516568984,1.634384780288305,3.5931845490849272,1.5066595538623302,0.9507764492794605,1.1090817997878437,1.854240807497866,0.846934426176979,1.0623856144142183
363,TRUE,0.7906043981374764,0.7332180927686546,0.05738630536882183,2.110860669471854,9.28984333929704,1.8510538058370083,0.8292822335114154,0.8761360889034984,1.5722955859981806,1.1649641432255282,0.9447076157814507
364,TRUE,0.7588489808684773,0.7358110054739269,0.023037975394550436,1.807766701088536,3.8922199794368297,1.7345617765347925,0.9328385500382906,1.2945763996692163,1.7198533197171904,0.9209211647550243,0.9242444172183881
365,TRUE,0.7692996418623159,0.7283683856717564,0.040931256190559484,1.8149294396447095,3.906676329130021,1.0810221668166067,0.9083754346685099,0.5277606896773955,1.9270727385328652,1.189614370011683,0.5608110621689737
366,TRUE,0.7843277848911652,0.7469989436281571,0.03732884126300806,1.5545972454656642,4.682124311262068,0.9948344990606756,1.2586633006787393,1.0401083615537865,1.8608894135640817,0.7486422221847033,0.6543496786352556
367,TRUE,0.7854548756128563,0.738499951983098,0.04695492362975828,1.4718186358442333,5.077835164211369,1.1006753835371499,0.860766010882774,0.5253133343186583,1.9992212749012979,0.9901554807896134,1.0691383487658166
368,TRUE,0.7792788111815443,0.7414289830020167,0.037849828179527645,1.6805675041427446,10.92022804107642,1.1400115896207226,1.4079133051937607,1.2918530848699896,1.4097557749824061,0.9003248482936127,0.714276718130439
369,TRUE,0.8079890279444539,0.7286564870834533,0.07933254086100061,2.2781457149911337,10.853342271379145,2.009606122418182,0.8365492112056094,0.7817852079869592,1.2719050639402898,1.0080506323822598,0.5484488554443694
370,TRUE,0.7567473877086119,0.726255641985979,0.030491745722632912,1.6017755313238853,3.1761717145899624,0.8836687235990559,1.0296669523385686,0.5003452692958592,1.4952422615669492,0.7431765566398448,0.9179516896831595
371,TRUE,0.7309879518072289,0.7489196197061365,-0.017931667898907655,1.4489597041274977,4.287526145054336,1.4767464389831813,0.9657707015660444,1.021592399179555,2.1678212221095574,0.9256264220732737,0.722358126135027
372,TRUE,0.7536655463003556,0.7479112647651973,0.005754281535158334,1.3717475784601634,4.638405101140945,1.3335394838075767,0.9546491275375828,0.7764767736489578,2.0474540457550154,0.8650631865006193,0.6923255305127218
373,TRUE,0.7241996147142464,0.7291366561029482,-0.004937041388701768,1.3583116474634378,2.6146079781907083,1.6547932951714017,0.7237035626851104,0.6339847838328263,2.470318440631112,0.8214674169916861,0.7200423551241555
374,TRUE,0.7809641278651455,0.7429175069624507,0.03804662090269473,1.478789154001641,5.5629014905167224,1.8137337122042456,1.1875337536494202,2.4041616414372013,1.9591440296315794,0.94416214008547,0.815001149291197
375,TRUE,0.7517818549685014,0.7396043407279362,0.012177514240565124,1.6155822331852645,4.444802651327816,1.142482786123481,0.9924141393828885,0.6439354008908932,1.4644153007972485,0.8495005476912427,0.7644831232759992
376,TRUE,0.7462081959491286,0.7482953999807933,-0.0020872040316647356,1.4498139737601436,4.890326371883627,1.4432778945325713,0.9596341091001441,0.9074038303193592,1.901824369212475,1.012381755552096,0.7469502886893271
377,TRUE,0.7703563268679209,0.7398924421396331,0.03046388472828776,1.5246453663322976,4.842415371106817,1.0180731565370813,1.0542854490460145,0.5957007597801637,1.8040731065512179,0.8691765506635842,1.0219526683120472
378,TRUE,0.7380683103370278,0.7462786900989148,-0.008210379761886988,1.5705145987999296,5.768430152762295,1.0315310652919156,1.0694179598625777,0.9020271591481187,1.6582600283591882,0.933373265814369,0.5683414082999053
379,TRUE,0.7516584943755409,0.7410448477864209,0.010613646589120007,1.6465155816086146,8.60207140146395,1.7413045224536208,1.0326557392714764,1.2698069874753186,1.4885760402241364,1.0549001784054604,0.7117588617360048
380,TRUE,0.7946894734225052,0.7305771631614328,0.06411231026107234,1.8126496129080047,3.797408596467358,1.2932116737076735,0.9627112278213714,0.8328377230007605,1.88356782194415,1.123631846339408,1.1267041173253627
381,TRUE,0.765327868852459,0.7374915970421588,0.02783627181030013,1.7809130631407422,6.339575951404111,1.3138290199119638,1.1766234915834175,1.7094428815933886,1.2934128553722233,0.8315004155007093,0.7366861492219345
382,TRUE,0.7057950128826587,0.7430135407663497,-0.037218527883691066,1.5053453004671176,3.8567568011433147,1.1110945302797997,1.2564404009984191,1.3774048654660165,1.4860076269616742,0.9391657067147521,0.822545099306885
383,TRUE,0.7815283638068449,0.7311533659848266,0.050374997822018264,1.5908005735694122,5.579658576631854,1.1240029027648824,1.0223958228993624,0.6786079194013802,1.2864342173996854,0.7068039851910833,0.9667138336747226
384,TRUE,0.7586492948811789,0.7431575914721982,0.015491703408980761,1.7027591299752105,7.142230490296126,1.4447205161337378,1.0448585524280483,0.9999091785535345,1.4784547950210303,0.9231584654744387,0.5037029117096209
385,TRUE,0.7487442673072724,0.7420051858254105,0.006739081481861864,1.7231150071336647,3.9773469599584765,1.020429593194038,1.0901427668160726,0.7278131399741083,1.8518571097974434,0.8595240884673611,0.7920031363829356
386,TRUE,0.7200966756350039,0.737107461826563,-0.017010786191559046,1.665866737903847,3.2787426111886777,1.0147840283633158,1.1723632485190316,0.9885674816083615,1.4612990002205268,0.9837109619330611,0.8421123026513994
387,TRUE,0.7527565918500763,0.7358110054739269,0.016945586376149402,1.864666615232157,7.204909435291298,1.2209234807920433,1.0583451458422823,1.010144981379885,1.2650537201229994,0.8529120619503701,0.5918710397805429
388,TRUE,0.816690199133356,0.7425333717468549,0.0741568273865012,2.1228782823028927,13.58102094729005,1.8497481121004953,1.0074958645604208,1.1076859274232596,1.6975104960025902,1.027000054447863,0.7178463253643568
389,TRUE,0.7644940164981991,0.7383078843753001,0.026186132122898997,1.562357637089647,7.63953153057496,1.6648755494626721,0.8667255009869618,0.7157990956928345,1.8526575450489389,0.9993738742844204,1.214318642222943
390,TRUE,0.714716396054955,0.7338423124939979,-0.019125916439042934,1.6566634687243464,5.106879109104231,1.5513717907667715,1.0295331116531232,1.4535002087614681,1.331443482833098,1.0714329878111828,0.7732449498603712
391,TRUE,0.7513478936306315,0.7413809661000672,0.009966927530564273,1.4659844527931634,3.0831094657490525,0.8607202828414954,1.2682242058901896,0.9168769078622472,1.862655969387809,0.9231435293071507,0.7386787372035154
392,TRUE,0.7492862327607065,0.7446941323345817,0.00459210042612479,1.7000792260058346,4.671539721293072,1.6199736578418613,0.9942225771193215,1.276880319458861,1.7303719226757854,0.7849717799231012,0.8405858003098879
393,TRUE,0.7376491550132283,0.7390281379045424,-0.0013789828913141067,1.3824262101389324,3.5064865788529955,1.3725914861105362,0.8285991182642475,0.6775415088471775,1.939828506542577,0.8163060208295313,0.5524039512661397
394,TRUE,0.7590077605321508,0.7408527801786229,0.018154980353527916,1.7147270603798928,3.274101599809578,1.3841558610187583,0.9868655547820752,1.0879119672302298,1.7446730412552247,0.7997570528702111,0.8295715163124526
395,TRUE,0.7717930545712262,0.745606453471622,0.026186601099604134,1.6591575596560744,4.577810409527649,1.4103573600477588,0.952441935543174,0.8654368281208843,1.9594085022595502,1.006800304174785,0.8176291872824362
396,TRUE,0.7472779369627507,0.7404206280610774,0.0068573089016732425,1.6563981083424335,4.070206421506883,1.5515011834753352,0.9173333948253255,0.9942584402014043,2.660911054597949,0.9172139696495382,0.5462795041713067
397,TRUE,0.7611833897700945,0.747287045039854,0.013896344730240484,1.4108458559933732,7.011792121972062,1.6738683967464574,1.0287102364054141,1.2932552275969307,1.8323421259137038,1.0196273231109692,0.9572537903840177
398,TRUE,0.7357031728819952,0.7326899068472102,0.0030132660347849116,1.689134854604156,6.642916423209948,1.4728057719080843,1.0232042272841237,1.006881200274525,1.2012139344070498,0.7204629373897259,1.0088950027223567
399,TRUE,0.7092580982236154,0.74272543935465285,-0.03346734113103744,1.4697660396044367,4.01845963973482,1.2585624543439604,1.268338969090481,1.7834265408414882,1.5031809511287695,0.9130032115727672,0.8736181698452948
400,TRUE,0.7113412376807244,0.7309132814750792,-0.019572043794354732,1.5573650335642595,3.164150583079953,1.2645830197532177,0.8641965625416227,0.6054807947074431,1.5163786457619497,1.0899573176313022,0.5819400832499199
401,TRUE,0.7679249261914805,0.7342744646115433,0.03365046157993712,1.7796925740383014,2.817620821050876,1.1905005938178805,1.096440741901574,1.1890652882690858,1.822531607622245,0.7645878585130531,0.7837403732972794
402,TRUE,0.7560834603458244,0.7401325266493806,0.015950933696443848,1.5835201809470343,5.113496938122462,2.0870525593722564,0.7443660695518483,0.8558723995506327,1.7029397515817644,0.8571672687330643,0.728123081347408
403,TRUE,0.7578477400349811,0.7223182560261212,0.03552948400885991,1.4195597390719863,4.216592093336037,1.0307216898423306,0.773796097322654,0.4030950930600321,1.4723988927670841,0.6365316849713547,0.7161855156688086
404,TRUE,0.7993530779338927,0.7293767406126956,0.06997633732119701,1.2807138145980732,7.367613798236297,1.7806381079623137,0.7509071242653199,0.5359949963702939,2.0261562527234407,1.0285683363789895,0.5256169956014444
405,TRUE,0.7922097156398105,0.7461346393930663,0.04607507624674412,1.6437703724867883,4.503172756778128,1.1709099682867654,1.0590027440987972,0.8341435542540395,1.6201423190317297,0.8551187738876069,0.7037811278863195
406,TRUE,0.7646804602668684,0.7410928646883703,0.0235875955784981,1.5007230923513786,6.259907086034389,1.4565999262756377,0.9831591014322602,0.8845233146303119,1.771201063163541,1.1623117148572566,0.841878677671073
407,TRUE,0.7737232969652517,0.742149236531259,0.03157406043399269,1.733866663808833,5.498213764502834,1.883077168549346,0.8287372286270902,0.9389577008694223,2.0483702252216585,0.9261832578425251,0.5243639031769863
408,TRUE,0.7833722601509163,0.7363872082973206,0.046985051853595694,1.6124979723039106,6.80455134329439,1.666406542750112,0.8210008108598646,0.6449829074599309,1.4530526530647647,0.9638313116074358,0.8967220314615287
409,TRUE,0.7797939180698668,0.7391721886103908,0.04062172945947595,1.7319853109493442,3.674175655151017,1.3679613814196179,0.8497623823001503,0.6287240377292639,2.171345066882813,0.96667553870297,0.7436728064056952
410,TRUE,0.745753138984229,0.7325458561413618,0.013207282842867207,1.5271589823958365,5.303169952550182,2.2576059721421267,0.815206055772443,1.1422165303540819,1.4454689132405911,0.9639646409214447,1.048253491735238
411,TRUE,0.7636551786196346,0.7442619802170364,0.019393198402598233,1.5904183483979892,6.107408953391552,1.4544262055951849,0.9636310588306982,0.8372542866864899,1.7133797632373242,0.9574011950998166,1.0958126084312239
412,TRUE,0.7450526506899056,0.7378757322577547,0.007176918432150847,1.352798052522665,2.8727992609832165,1.218126219247219,0.8867513074913098,0.768737988574897,2.113319263576475,0.7406068440996263,1.086397094387816
413,TRUE,0.7491392727444229,0.7368193604148661,0.01231991232955687,1.5756940847694572,5.263687493756277,1.6576608368339236,0.8319275317145318,0.7412553533243414,1.4671912144668193,0.8957983524566951,1.1188745965808393
414,TRUE,0.7558637043146554,0.7365792759051186,0.019284428409536813,1.8109627419187613,5.427769363039472,1.476540899715425,0.8572689313628091,0.7246073271904135,2.0065848126754737,1.0527454853379683,1.2667283473254043
415,TRUE,0.735205465688737,0.738403918179199,-0.0031984524904620226,1.3713194728601779,4.21295979793807,1.6377276866402979,1.2350858868602888,2.502823811419601,1.7255554174691028,0.8206928257592778,0.925338431911188
416,TRUE,0.7946015899426881,0.7398444252376837,0.05475716470500447,1.6950442133945058,5.94054913458655,1.8175549441038679,0.706331544277676,0.5088211319356118,2.6110392103101407,0.9450724282227635,0.6334649292075164
417,TRUE,0.7305001520879503,0.7425333717468549,-0.012033219658904581,1.4086109298470109,5.421236325936184,2.233468521813507,0.8271053805367979,1.0888470559580115,2.19429581757848,0.9803098538222723,0.8973539203837472
418,TRUE,0.7414108664958428,0.7303370786516854,0.011073787844157357,1.7333083081086478,4.968909484910349,2.470927395029963,0.6737083472883895,0.8994572178323376,1.662510943104291,0.8855855550499654,0.9844096846084899
419,TRUE,0.708704368502028,0.7450302506482281,-0.03632588214620014,1.5568867090828657,4.349857014440405,1.061960724982796,1.2069498640794036,1.0354571502368854,1.6060247956359803,0.9014232437580223,0.8610961411469307
420,TRUE,0.7546186002607094,0.7433496590799962,0.011268941180713199,1.5435045618138603,3.3107670190548095,1.2076558373565083,1.0948824068795373,1.3023358178587703,1.7525226458586012,0.8389309987064636,0.6479921584362068
421,TRUE,0.8077867571549762,0.7449342168443291,0.06285254031064702,1.7222874162897805,5.863228392246604,1.666234810471455,0.8186448180514704,0.6773351627891679,2.184799884626789,0.7743443672027639,0.644196603431477
422,TRUE,0.7574127906976744,0.7419091520215115,0.01550363867616289,1.5365678682880046,3.6633350048646265,1.555624162263326,1.0414659065544192,1.4596296147230807,2.12590211631361,1.0221717073291747,0.8003150900443511
423,TRUE,0.7681186631618475,0.7447421492365313,0.023376513925316256,1.52340999446766,6.302608231054227,1.9555971353545263,0.8539416148485423,1.0843070078894306,1.744494348519509,0.8351443741093306,0.8000384528890243
424,TRUE,0.7645604395604395,0.7261115912801306,0.03844884828030892,1.2184962887715456,4.263545820887832,1.4769105822235276,0.9596672489672845,1.008529334103142,1.5015872149073226,0.708158964923143,1.3451531833008445
425,TRUE,0.7732752225519288,0.7482953999807933,0.024979822571135513,1.7329943953786473,11.031712422760467,1.3675162298058507,1.195129071961391,1.1294652441747683,1.6764402927944122,0.7750491523328664,0.7586193780248655
426,TRUE,0.8042360682706149,0.7418611351195621,0.0623749331510528,1.5367227921143258,4.934664874754479,0.9392505142278457,1.2089374617570352,0.8163602079635806,1.8483215414592076,0.721859223166364,0.8813366789710418
427,TRUE,0.7806253764854061,0.7339383462978969,0.04668703018750919,1.8506379951616796,3.3912644375629704,1.4282839730238244,0.8953014789895473,0.8404615860932728,1.5895220257320057,0.720399715047417,0.5958775350721385
428,TRUE,0.7629117909676206,0.7455584365696726,0.01735335439794805,1.4583825823718215,4.1910032132331185,1.4210520016929025,0.9021381015187738,0.7760761561917349,1.9999459413542429,0.7619162654728162,0.7256000709798307
429,TRUE,0.7245286854006809,0.7386440026889465,-0.014115317288265539,1.3999024469690786,4.657151510441526,1.7156408281934181,0.9093417569595472,1.1196864910113848,1.934034758083778,0.8777773054432337,0.472025825913066
430,TRUE,0.7691275167785234,0.7431095745702487,0.02601794220827469,1.6185012366609752,3.705417745084184,1.3389164874825028,1.1605518701508049,1.5595672393257458,2.1144247018572737,0.8588651010662851,0.806318329148945
431,TRUE,0.7491890046098686,0.7359070392778257,0.013281965332042844,1.7153866487896507,5.926852077223616,1.2203198501445567,1.0285731452626792,0.7234379040057375,1.730141203456027,1.1644585300959744,1.069757627859934
432,TRUE,0.7444709402908309,0.7299529434360895,0.014517996854741422,1.4819894692400022,3.1426071228773043,1.028667891602301,0.8688376667704248,0.40298133905615213,1.5442493098106895,0.7660308208338754,0.770193309390513
433,TRUE,0.7450250986016493,0.7249111687313934,0.020113929870255953,1.5333101332172716,2.629888868715507,1.1193003754069455,1.1780248091924925,1.3557016825045927,1.8898446626740653,0.978892573228799,1.4539311588261787
434,TRUE,0.7400627370195234,0.7477672140593489,-0.007704477039825464,1.4110534032437954,4.3382045690257,1.1956422032074578,0.9887430629112939,0.7135372772365066,1.9545839494299093,0.8619086448597293,0.6993910325309994
435,TRUE,0.6954425942156004,0.738595985786997,-0.04315339157139664,1.533650421856505,5.148616833957159,1.8266345841535612,0.8885113262576865,1.13173236790522,1.2845330102921213,0.8841210792899397,0.7323277036155669
436,TRUE,0.711418847553104,0.7300489772399885,-0.01863012968688449,1.4089273246938145,7.315050386018462,1.4087171571762593,1.2407152499406873,1.6137654017994358,1.250747926828064,0.7860931065543139,1.2033056185315731
437,TRUE,0.7469595207841714,0.7449822337462787,0.0019772870378926832,1.5426087674888092,4.556494174300762,1.33950971643151,0.9922567044678442,1.044300195287722,1.926833936322987,1.0571603745738956,0.770142269609467
438,TRUE,0.7312835632304938,0.7336022279842505,-0.0023186647537566385,1.730286871495849,4.872441911265862,1.7825020552426818,0.9730774510961946,1.361760724146123,1.602799967191216,1.0467419769452173,0.542612693926129
439,TRUE,0.7634213670635739,0.7376356477480073,0.025785719315566613,1.6160261464673935,5.154118448590229,0.95778637576546,1.1066861042075247,0.6353353000779397,1.409834255142779,0.8240078325310659,0.5981408876421007
440,TRUE,0.77502995446920675,0.7426294055507539,0.0324005489184529,1.8425464046232678,6.703490203290489,1.6754671474885612,1.0669713824581946,1.6062492869207918,1.6883653827667164,0.7553064018416497,0.5903679868897775
441,TRUE,0.7321355236139631,0.7217900701046769,0.010345453509286173,1.7941471907830788,3.9093523372118195,1.6087720287117586,0.8864436245383726,0.9699326529382033,1.2306848348446209,0.7109850258218493,1.2157952942841048
442,TRUE,0.6919157317804231,0.7359550561797753,-0.04403932439935221,1.444494781761664,2.281278207279417,0.955645882884138,0.9888165205396741,0.7488398927696441,1.8758171194463302,0.8766152671509704,1.0749603532659868
443,TRUE,0.7215117806779364,0.7336982617881495,-0.012186481110213032,1.506802935437972,5.478733837913311,1.9140555501461072,1.0373612214915142,1.9748251890015358,1.497925295253581,0.7952917930343293,1.1888246747026165
444,TRUE,0.7765816808309727,0.7364352251992702,0.04014645563170249,1.6640285544502855,4.302125585570056,1.2838486356453782,1.1118945918243945,1.1932880093512563,1.4355863604375303,1.0016494155419702,1.1365318214591211
445,TRUE,0.7812904418561657,0.745414385863824,0.03587605599234167,1.8563441716955054,5.703647376426039,1.641831195057347,0.9222695776730495,0.9689114364463575,2.0830440499239726,0.9316605694418177,0.7379433637315428
446,TRUE,0.7908587257617729,0.7379237491597042,0.052934976602068695,1.5195634871521333,4.321654375228329,2.1167654527802977,0.7257660023150212,0.8787913585265033,2.143977403348354,0.782292185479271,0.8419991675077113
447,TRUE,0.7229483417800302,0.7388840871986939,-0.015935745418663716,1.4721255351986449,4.3749731581494595,1.85587138289857,0.7813847848263511,0.8402393000876599,1.6792448193100613,0.9566587453910739,0.686983534159986
448,TRUE,0.7716293989999057,0.7454624027657736,0.0261669962341321,1.770674283608363,6.851107407773671,1.4258819554928528,1.1236607180572042,1.53107913527248,1.7581175072727897,0.877176109958906,0.6301469852027833
449,TRUE,0.7855999173596405,0.7344185153173917,0.05118140204224886,1.8338198696671368,6.728456249550338,1.3891976418254064,0.9075300732574694,0.6020063397387387,1.4441389822717936,0.8865078428551809,1.003336570924217
450,TRUE,0.7878057652086933,0.742245270335158,0.04556049487353531,1.7218799251567307,7.075699399948677,1.4898622646755237,1.1721151163204027,1.5102722614989168,1.6338744665792189,0.6970905909636007,0.5525169938493584
451,TRUE,0.7487151610990315,0.7403245942571786,0.008390566841852909,1.6575239397617307,5.601768524742538,1.118362120915991,1.2343144237317334,1.14531350390886,1.3986963429115702,0.8492121383514608,0.9158195836222618
452,TRUE,0.7831637741871136,0.7374435801402094,0.045720194046904195,1.5636478833231275,5.56127476657255,1.1674224730944234,1.0887379291512669,0.8213867724354362,1.8279019752310883,1.2249975601423435,0.8506878365288112
453,TRUE,0.7232093023255814,0.733362143474503,-0.010152841148921565,1.4797691964633877,6.1895202035205665,1.3812878484398168,0.9756121174173737,0.7837112164393621,1.2365387122944682,0.9333740192728622,0.9533515896916869
454,TRUE,0.787643484132343,0.7357149716700279,0.05192851246231511,1.7597801688334898,3.3647129955846697,1.5174793032664955,0.8371557599393483,0.7743818224138052,2.0338373268916046,0.8685618911031978,0.9896957800106743
455,TRUE,0.7323312482494632,0.7433496590799962,-0.01101841083053301,1.3877930359092616,3.9171952739597784,1.4859390906297028,0.8462565361595313,0.7174442401840327,1.914873029300538,0.9905064097667716,1.014173038568251
456,TRUE,0.7440186038191494,0.7320656871218669,0.01195291669728249,1.6414679890440336,3.990601396949674,0.9265329540284727,1.1188420751186257,0.6459846505490314,1.4506440652631998,0.9924756621422053,0.7731794315271596
457,TRUE,0.7697329054017299,0.7467588591184097,0.022974046283320226,1.7202414339368977,5.9085157105476895,1.3251962035542584,1.072453171484177,0.9814770172691428,1.6430747082596966,0.885554373447156,0.7170955279463437
458,TRUE,0.7819866136385683,0.7443580140209354,0.037628599617632874,1.4530952873116902,5.6431843977886205,1.4941779108571835,1.2068773446987247,2.0218190371442635,2.114330772947427,0.7734768654843576,0.632363025064197
459,TRUE,0.7751046608986882,0.7260155574762317,0.04908910342245654,1.400315578658015,4.174854667287594,0.8818697691443488,0.7704468401788235,0.3833001363790451,2.3836330693828343,0.9629302983001996,1.3606557652509594
460,TRUE,0.7655238253362112,0.7435897435897436,0.021934081746467604,1.4800331344307474,4.120627503201229,1.4050464681530856,0.8657603074282563,0.7673964880454504,1.7678709569133622,0.7633131062839726,0.6744657518636437
461,TRUE,0.7525612695861792,0.7425813886488044,0.009979880937374785,1.3922432683747088,4.991046588769018,1.7186538341012476,0.7784284711792542,0.6643079940620042,2.3515504192951004,0.9316309602711802,0.7677515814082827
462,TRUE,0.705753498144754,0.7429655238644003,-0.037212025719646324,1.4754247549210584,2.7850272678710124,1.2263775538022228,0.9521349541844447,0.8177539180957981,1.5860038756727133,0.7792261636587885,0.8016667456343765
463,TRUE,0.7440476190476191,0.7457505041774705,-0.0017028851298513947,1.6486293090011193,6.530643959212068,1.7919070484548316,1.0057866481910605,1.3531470183473695,1.7527134219663274,0.9564003308337138,0.6594151386330779
464,TRUE,0.8022041157421915,0.7449822337462787,0.05722188199591283,1.8225241722021135,8.08910023897424,1.403058793216855,0.9404592602998554,0.6379065671398653,1.8600459516216763,0.7380394134045856,0.6519441361104502
465,TRUE,0.7754842496576013,0.7348506674349371,0.04063358222266422,1.484486663203789,3.6591198513932235,0.7531612234202314,1.4037425896788112,1.3628913431297933,1.7297720519005138,0.7961535342460427,0.9683820362571657
466,TRUE,0.7841289458777486,0.7359070392778257,0.04822190659992287,1.7913276004134349,9.6961538838468,2.64166387077905,0.7608106123249961,1.1140624341583854,1.6947322799495304,1.00208159186911,0.8110562482071201
467,TRUE,0.777933276150061,0.7312974166906752,0.046635859459385864,1.9396474387704699,7.387046597720905,1.7302899107419696,1.0647029190177641,1.581780077677848,1.1678584802478789,0.9107379845053148,0.7368737305377442
468,TRUE,0.7296434512836654,0.7351867857485835,-0.00554333446491817,1.5597521786281847,3.195971660355203,1.1493595325676547,0.97761241789076,0.7249555806707612,1.892194641444933,1.089385810309197,1.0929368174316585
469,TRUE,0.7717458653067061,0.7439258619033899,0.02782000340331614,1.6173811682327732,4.160519401439886,1.0734861176925687,1.027546320273173,0.8667631533339952,1.8417189478535643,0.9337687564711282,0.7171077140737535
470,TRUE,0.7181995257452575,0.740276577355229,-0.022077051609971532,1.3468501402094482,2.6892908604808285,1.0023838835441568,0.9854031355995273,0.6101122373637923,2.051890992943431,0.885690771852583,0.7980476110465334
471,TRUE,0.7492083597213426,0.7490636704119851,1.4468930935751523e-4,1.5790716164065095,5.162084274290291,1.137444807371585,1.1123173983545749,0.8616347057680346,1.8259797087468947,0.8441637283234105,0.6587369539493924
472,TRUE,0.7258018734033495,0.7435897435897436,-0.01778787018639416,1.4766954194533923,4.181218253717685,1.0984742568058532,1.3220827083343365,1.474580859442577,1.504059594709267,0.796788464192573,0.911964347431547
473,TRUE,0.7281181137064786,0.7399884759435321,-0.011870362237053511,1.7524100874718154,4.6674698054111605,1.1062862220813352,1.017296314074975,0.9070036389215081,1.4290685398920495,0.9024495593804298,0.7753005482828402
474,TRUE,0.7961658031088084,0.7306731969653317,0.06549260614347663,1.8750420646533548,4.046499284022447,0.7745799509213698,1.573125758283459,1.2795588594065028,1.861842156158461,0.8294328580242095,1.2010567022111311
475,TRUE,0.7263109857285098,0.7378757322577547,-0.011564746529244885,1.5516408023465385,5.303574348076984,1.6657605444175927,0.9029996762938317,1.056410605794945,1.2200921716228743,0.8713718502634771,0.7319758406611125
476,TRUE,0.7316376617581437,0.7419091520215115,-0.010271490263367822,1.5977627789421194,4.088862003056472,1.7652256439569363,0.8858449944938592,1.1197275163959903,1.5495600852424987,0.8898976711845206,0.6698578660322416
477,TRUE,0.740754088021983,0.7381638336694516,0.0025902543525313515,1.5985226453287977,4.495313657803114,1.5477670904104945,0.9694616932813691,1.2182476034234306,1.3163001710566984,0.7842693604982051,0.5937046135318162
478,TRUE,0.7189336390998997,0.7285124363776049,-0.009578797277705164,1.731711648250423,3.661460134359882,1.5400203576188682,0.9202566971147079,1.0846030586459923,1.2093350502153317,0.74352523000869,0.9000206124851481
479,TRUE,0.7365503278056306,0.7367233266109671,-1.7299880533649947e-4,1.4066851615429226,2.888065850384843,1.1315131216550225,0.8925689177516659,0.5708929967902212,2.8429142813418604,0.9420871334237548,0.7068205112445366
480,TRUE,0.7408373306012201,0.7429175069624507,-0.00208017636123059,1.6604955853916346,4.834473950241156,1.5525954732396794,0.7742973547527641,0.54449462529929,2.2141863769274015,0.862927121583673,0.781673440982826
481,TRUE,0.7231347020530796,0.7343224815134928,-0.01118777946041316,1.3918516494899593,2.341658997176919,1.36654183311353,0.8035038967493068,0.6471887524130329,1.9528438007819862,0.8680878854332706,0.7639569512924939
482,TRUE,0.7713308959688524,0.7447421492365313,0.026588746732321145,1.687147541044398,5.694572299652805,1.395181055896066,0.9877374674063586,1.0491454603927322,1.4543662608058296,0.8448980221575767,0.6810819096827776
483,TRUE,0.7385867108633419,0.7359070392778257,0.0026796715855161857,1.496493766794344,5.477180279715246,1.4180589645294774,0.9558538266967436,0.8230277786652954,2.190677813166137,1.220594799917927,0.5719801989318473
484,TRUE,0.7825271154638231,0.7405166618649764,0.0420104535988467,1.812889399242027,6.831064592277288,1.251581918206645,1.1145340487581512,0.9295928351735766,1.4118758880949935,0.9422574276766376,0.7358343133497044
485,TRUE,0.7881794650560828,0.736915394218765,0.05126407083731788,1.920935114614962,7.107911058831189,1.7942852917091041,0.941731463986119,1.1241038734655102,1.3349791723772046,0.7561545115460717,0.5833436431345267
486,TRUE,0.7336776585882665,0.7407087294727744,-0.0070310708845079395,1.5842800462216098,3.9659522696186325,1.5349680877870102,0.8908096027578607,0.8870749399886205,1.4212949384135667,0.7866141510675675,0.6014741526069127
487,TRUE,0.7553883786403286,0.747575146451551,0.007813232188777608,1.5292745741344462,5.56455170138255,1.4630979066605934,1.0444353710592171,1.1352991066431972,1.7391080898927005,1.0421077213429095,0.9848740720318246
488,TRUE,0.7918207756525415,0.7350907519446845,0.05673002370785696,1.7929969412947855,7.643112500267914,1.460639026589065,0.8941917301922457,0.6068322019998341,1.3889186424896502,0.7036864956900343,0.8544856355483729
489,TRUE,0.7517987325487206,0.7385479688850476,0.01325076366367306,1.5098737138349396,4.785348730523784,1.4206937288772523,0.9641914972944158,0.8947144101765696,1.7267146814414986,1.0992346237265838,1.1914481229978098
490,TRUE,0.7315727448039426,0.742341304139057,-0.010768559335114336,1.3381458125928838,3.757815225536024,1.2141854164546033,1.024023755027829,0.8786240987099979,2.39271067896819,0.9845223465902873,0.6005471953370722
491,TRUE,0.748889370462672,0.747383078843753,0.00150629161891902,1.5685942062008955,5.292035485105841,1.5843919483402098,0.9015105854929287,0.8716671599938361,1.6623890356717481,0.804200362737648,0.7136384991887611
492,TRUE,0.742564554853251,0.747479112647652,-0.0049145577944009755,1.4733379749445243,7.031599764802258,1.4270144144547796,1.097837365022704,1.1474256160211385,1.443597718265604,0.8516604949034057,0.8764446902716196
493,TRUE,0.7986470926885434,0.74018054355133,0.058466549137213386,1.9455498808426324,6.088173015974951,1.5366762765234971,0.8922375350929477,0.7428189159950294,1.7965613486754342,1.0111745724811207,0.8608734214074671
494,TRUE,0.723645137342242,0.7474310957457024,-0.023785958403460428,1.4479303656049785,4.0534323963323535,1.2431954793306512,1.0522738029189334,0.9764854415110679,1.6903061404902853,1.0215341500770176,0.9298345471199088
495,TRUE,0.697503671071953,0.7292326899068472,-0.03172901883489421,1.4468260331395653,2.6154172430377667,1.0666262130756505,1.2345603471085103,1.400379040069919,1.2769227600567146,0.6872540277501136,0.9005355400875409
496,TRUE,0.7805181244095272,0.730000960338039,0.05051716407148821,1.9496778838739803,6.232102731846858,1.2284866215513892,0.865346056754896,0.5763754596273247,1.2777819623345132,0.826235947858754,0.5377223146355914
497,TRUE,0.7703378633446584,0.740564678766926,0.02977318457773237,1.6298657655980509,8.321846023225886,1.4693303383298313,1.1713228637305217,1.3843263462257294,1.6112831071006286,1.1015045106221797,0.6845501772593202
498,TRUE,0.782449645202521,0.7381158167675022,0.044333828435018874,1.580067582131324,4.28139585978099,1.218183859314302,1.1540329235771474,1.2148788309308731,1.7777436752405,0.6024858548409007,0.8997045922184098
499,TRUE,0.7239674920393517,0.7359550561797753,-0.011987564140423568,1.397206770566183,5.190723309733938,1.4344092263418151,0.8675571151040914,0.652759032027968,1.3739497378039782,0.8387362495453768,0.9933881678214882
500,TRUE,0.7020254543653741,0.7414289830020167,-0.03940352863664254,1.6483999629241808,4.060640807325686,1.4308510506100212,0.9473738529722527,0.9272530926067105,1.560198035913468,1.045336958021727,0.8137865819280956
